date,category,source,source_detail,geography,price,standard_unit,product_name,product_id,package_size,location_id,regular_price,promo_price,effective_price,regular_price_normalized,promo_price_normalized,on_sale
2026-08-25,Apples,Kroger,Kroger On the Rhine,"Cincinnati, OH",1.89,pound,Large Gala Apple,0000000004134,1 lb,01400513,1.89,,1.89,1.89,,False
2026-08-26,Apples,Kroger,Kroger On the Rhine,"Cincinnati, OH",1.89,pound,Large Gala Apple,0000000004134,1 lb,01400513,1.89,,1.89,1.89,,False
2026-08-27,Apples,Kroger,Kroger On the Rhine,"Cincinnati, OH",1.89,pound,Large Gala Apple,0000000004134,1 lb,01400513,1.89,,1.89,1.89,,False
2026-08-28,Apples,Kroger,Kroger On the Rhine,"Cincinnati, OH",1.89,pound,Large Gala Apple,0000000004134,1 lb,01400513,1.89,,1.89,1.89,,False
2026-08-29,Apples,Kroger,Kroger On the Rhine,"Cincinnati, OH",1.89,pound,Large Gala Apple,0000000004134,1 lb,01400513,1.89,,1.89,1.89,,False
2026-08-30,Apples,Kroger,Kroger On the Rhine,"Cincinnati, OH",1.89,pound,Large Gala Apple,0000000004134,1 lb,01400513,1.89,,1.89,1.89,,False
2026-08-31,Apples,Kroger,Kroger On the Rhine,"Cincinnati, OH",1.89,pound,Large Gala Apple,0000000004134,1 lb,01400513,1.89,,1.89,1.89,,False
2026-09-01,Apples,Kroger,Kroger On the Rhine,"Cincinnati, OH",1.89,pound,Large Gala Apple,0000000004134,1 lb,01400513,1.89,,1.89,1.89,,False
2026-09-02,Apples,Kroger,Kroger On the Rhine,"Cincinnati, OH",1.89,pound,Large Gala Apple,0000000004134,1 lb,01400513,1.89,,1.89,1.89,,False
2026-09-03,Apples,Kroger,Kroger On the Rhine,"Cincinnati, OH",1.89,pound,Large Gala Apple,0000000004134,1 lb,01400513,1.89,,1.89,1.89,,False
2026-09-04,Apples,Kroger,Kroger On the Rhine,"Cincinnati, OH",1.89,pound,Large Gala Apple,0000000004134,1 lb,01400513,1.89,,1.89,1.89,,False
2026-09-05,Apples,Kroger,Kroger On the Rhine,"Cincinnati, OH",1.89,pound,Large Gala Apple,0000000004134,1 lb,01400513,1.89,,1.89,1.89,,False
2026-09-06,Apples,Kroger,Kroger On the Rhine,"Cincinnati, OH",1.89,pound,Large Gala Apple,0000000004134,1 lb,01400513,1.89,,1.89,1.89,,False
2026-09-07,Apples,Kroger,Kroger On the Rhine,"Cincinnati, OH",1.89,pound,Large Gala Apple,0000000004134,1 lb,01400513,1.89,,1.89,1.89,,False
2026-09-08,Apples,Kroger,Kroger On the Rhine,"Cincinnati, OH",1.89,pound,Large Gala Apple,0000000004134,1 lb,01400513,1.89,,1.89,1.89,,False
2026-09-09,Apples,Kroger,Kroger On the Rhine,"Cincinnati, OH",1.89,pound,Large Gala Apple,0000000004134,1 lb,01400513,1.89,,1.89,1.89,,False
2026-09-10,Apples,Kroger,Kroger On the Rhine,"Cincinnati, OH",1.89,pound,Large Gala Apple,0000000004134,1 lb,01400513,1.89,,1.89,1.89,,False
2026-09-11,Apples,Kroger,Kroger On the Rhine,"Cincinnati, OH",1.89,pound,Large Gala Apple,0000000004134,1 lb,01400513,1.89,,1.89,1.89,,False
2026-09-12,Apples,Kroger,Kroger On the Rhine,"Cincinnati, OH",1.89,pound,Large Gala Apple,0000000004134,1 lb,01400513,1.89,,1.89,1.89,,False
2026-09-13,Apples,Kroger,Kroger On the Rhine,"Cincinnati, OH",1.89,pound,Large Gala Apple,0000000004134,1 lb,01400513,1.89,,1.89,1.89,,False
2026-09-14,Apples,Kroger,Kroger On the Rhine,"Cincinnati, OH",1.89,pound,Large Gala Apple,0000000004134,1 lb,01400513,1.89,,1.89,1.89,,False
2017-01-01,Bananas,BLS,U.S. City Average,U.S. City Average,0.573,pound,Bananas,APU0000711211,,,,,,,,False
2017-02-01,Bananas,BLS,U.S. City Average,U.S. City Average,0.573,pound,Bananas,APU0000711211,,,,,,,,False
2017-03-01,Bananas,BLS,U.S. City Average,U.S. City Average,0.571,pound,Bananas,APU0000711211,,,,,,,,False
2017-04-01,Bananas,BLS,U.S. City Average,U.S. City Average,0.571,pound,Bananas,APU0000711211,,,,,,,,False
2017-05-01,Bananas,BLS,U.S. City Average,U.S. City Average,0.564,pound,Bananas,APU0000711211,,,,,,,,False
2017-06-01,Bananas,BLS,U.S. City Average,U.S. City Average,0.572,pound,Bananas,APU0000711211,,,,,,,,False
2017-07-01,Bananas,BLS,U.S. City Average,U.S. City Average,0.565,pound,Bananas,APU0000711211,,,,,,,,False
2017-08-01,Bananas,BLS,U.S. City Average,U.S. City Average,0.561,pound,Bananas,APU0000711211,,,,,,,,False
2017-09-01,Bananas,BLS,U.S. City Average,U.S. City Average,0.544,pound,Bananas,APU0000711211,,,,,,,,False
2017-10-01,Bananas,BLS,U.S. City Average,U.S. City Average,0.548,pound,Bananas,APU0000711211,,,,,,,,False
2017-11-01,Bananas,BLS,U.S. City Average,U.S. City Average,0.551,pound,Bananas,APU0000711211,,,,,,,,False
2017-12-01,Bananas,BLS,U.S. City Average,U.S. City Average,0.558,pound,Bananas,APU0000711211,,,,,,,,False
2018-01-01,Bananas,BLS,U.S. City Average,U.S. City Average,0.568,pound,Bananas,APU0000711211,,,,,,,,False
2018-02-01,Bananas,BLS,U.S. City Average,U.S. City Average,0.574,pound,Bananas,APU0000711211,,,,,,,,False
2018-03-01,Bananas,BLS,U.S. City Average,U.S. City Average,0.582,pound,Bananas,APU0000711211,,,,,,,,False
2018-04-01,Bananas,BLS,U.S. City Average,U.S. City Average,0.578,pound,Bananas,APU0000711211,,,,,,,,False
2018-05-01,Bananas,BLS,U.S. City Average,U.S. City Average,0.575,pound,Bananas,APU0000711211,,,,,,,,False
2018-06-01,Bananas,BLS,U.S. City Average,U.S. City Average,0.575,pound,Bananas,APU0000711211,,,,,,,,False
2018-07-01,Bananas,BLS,U.S. City Average,U.S. City Average,0.575,pound,Bananas,APU0000711211,,,,,,,,False
2018-08-01,Bananas,BLS,U.S. City Average,U.S. City Average,0.569,pound,Bananas,APU0000711211,,,,,,,,False
2018-09-01,Bananas,BLS,U.S. City Average,U.S. City Average,0.573,pound,Bananas,APU0000711211,,,,,,,,False
2018-10-01,Bananas,BLS,U.S. City Average,U.S. City Average,0.574,pound,Bananas,APU0000711211,,,,,,,,False
2018-11-01,Bananas,BLS,U.S. City Average,U.S. City Average,0.566,pound,Bananas,APU0000711211,,,,,,,,False
2018-12-01,Bananas,BLS,U.S. City Average,U.S. City Average,0.577,pound,Bananas,APU0000711211,,,,,,,,False
2019-01-01,Bananas,BLS,U.S. City Average,U.S. City Average,0.576,pound,Bananas,APU0000711211,,,,,,,,False
2019-02-01,Bananas,BLS,U.S. City Average,U.S. City Average,0.571,pound,Bananas,APU0000711211,,,,,,,,False
2019-03-01,Bananas,BLS,U.S. City Average,U.S. City Average,0.581,pound,Bananas,APU0000711211,,,,,,,,False
2019-04-01,Bananas,BLS,U.S. City Average,U.S. City Average,0.567,pound,Bananas,APU0000711211,,,,,,,,False
2019-05-01,Bananas,BLS,U.S. City Average,U.S. City Average,0.579,pound,Bananas,APU0000711211,,,,,,,,False
2019-06-01,Bananas,BLS,U.S. City Average,U.S. City Average,0.574,pound,Bananas,APU0000711211,,,,,,,,False
2019-07-01,Bananas,BLS,U.S. City Average,U.S. City Average,0.569,pound,Bananas,APU0000711211,,,,,,,,False
2019-08-01,Bananas,BLS,U.S. City Average,U.S. City Average,0.578,pound,Bananas,APU0000711211,,,,,,,,False
2019-09-01,Bananas,BLS,U.S. City Average,U.S. City Average,0.569,pound,Bananas,APU0000711211,,,,,,,,False
2019-10-01,Bananas,BLS,U.S. City Average,U.S. City Average,0.573,pound,Bananas,APU0000711211,,,,,,,,False
2019-11-01,Bananas,BLS,U.S. City Average,U.S. City Average,0.573,pound,Bananas,APU0000711211,,,,,,,,False
2019-12-01,Bananas,BLS,U.S. City Average,U.S. City Average,0.573,pound,Bananas,APU0000711211,,,,,,,,False
2020-01-01,Bananas,BLS,U.S. City Average,U.S. City Average,0.57,pound,Bananas,APU0000711211,,,,,,,,False
2020-02-01,Bananas,BLS,U.S. City Average,U.S. City Average,0.574,pound,Bananas,APU0000711211,,,,,,,,False
2020-03-01,Bananas,BLS,U.S. City Average,U.S. City Average,0.576,pound,Bananas,APU0000711211,,,,,,,,False
2020-04-01,Bananas,BLS,U.S. City Average,U.S. City Average,0.581,pound,Bananas,APU0000711211,,,,,,,,False
2020-05-01,Bananas,BLS,U.S. City Average,U.S. City Average,0.589,pound,Bananas,APU0000711211,,,,,,,,False
2020-06-01,Bananas,BLS,U.S. City Average,U.S. City Average,0.588,pound,Bananas,APU0000711211,,,,,,,,False
2020-07-01,Bananas,BLS,U.S. City Average,U.S. City Average,0.58,pound,Bananas,APU0000711211,,,,,,,,False
2020-08-01,Bananas,BLS,U.S. City Average,U.S. City Average,0.576,pound,Bananas,APU0000711211,,,,,,,,False
2020-09-01,Bananas,BLS,U.S. City Average,U.S. City Average,0.574,pound,Bananas,APU0000711211,,,,,,,,False
2020-10-01,Bananas,BLS,U.S. City Average,U.S. City Average,0.577,pound,Bananas,APU0000711211,,,,,,,,False
2020-11-01,Bananas,BLS,U.S. City Average,U.S. City Average,0.578,pound,Bananas,APU0000711211,,,,,,,,False
2020-12-01,Bananas,BLS,U.S. City Average,U.S. City Average,0.572,pound,Bananas,APU0000711211,,,,,,,,False
2021-01-01,Bananas,BLS,U.S. City Average,U.S. City Average,0.597,pound,Bananas,APU0000711211,,,,,,,,False
2021-02-01,Bananas,BLS,U.S. City Average,U.S. City Average,0.59,pound,Bananas,APU0000711211,,,,,,,,False
2021-03-01,Bananas,BLS,U.S. City Average,U.S. City Average,0.594,pound,Bananas,APU0000711211,,,,,,,,False
2021-04-01,Bananas,BLS,U.S. City Average,U.S. City Average,0.604,pound,Bananas,APU0000711211,,,,,,,,False
2021-05-01,Bananas,BLS,U.S. City Average,U.S. City Average,0.6,pound,Bananas,APU0000711211,,,,,,,,False
2021-06-01,Bananas,BLS,U.S. City Average,U.S. City Average,0.595,pound,Bananas,APU0000711211,,,,,,,,False
2021-07-01,Bananas,BLS,U.S. City Average,U.S. City Average,0.594,pound,Bananas,APU0000711211,,,,,,,,False
2021-08-01,Bananas,BLS,U.S. City Average,U.S. City Average,0.589,pound,Bananas,APU0000711211,,,,,,,,False
2021-09-01,Bananas,BLS,U.S. City Average,U.S. City Average,0.597,pound,Bananas,APU0000711211,,,,,,,,False
2021-10-01,Bananas,BLS,U.S. City Average,U.S. City Average,0.6,pound,Bananas,APU0000711211,,,,,,,,False
2021-11-01,Bananas,BLS,U.S. City Average,U.S. City Average,0.619,pound,Bananas,APU0000711211,,,,,,,,False
2021-12-01,Bananas,BLS,U.S. City Average,U.S. City Average,0.622,pound,Bananas,APU0000711211,,,,,,,,False
2022-01-01,Bananas,BLS,U.S. City Average,U.S. City Average,0.63,pound,Bananas,APU0000711211,,,,,,,,False
2022-02-01,Bananas,BLS,U.S. City Average,U.S. City Average,0.628,pound,Bananas,APU0000711211,,,,,,,,False
2022-03-01,Bananas,BLS,U.S. City Average,U.S. City Average,0.642,pound,Bananas,APU0000711211,,,,,,,,False
2022-04-01,Bananas,BLS,U.S. City Average,U.S. City Average,0.637,pound,Bananas,APU0000711211,,,,,,,,False
2022-05-01,Bananas,BLS,U.S. City Average,U.S. City Average,0.642,pound,Bananas,APU0000711211,,,,,,,,False
2022-06-01,Bananas,BLS,U.S. City Average,U.S. City Average,0.64,pound,Bananas,APU0000711211,,,,,,,,False
2022-07-01,Bananas,BLS,U.S. City Average,U.S. City Average,0.64,pound,Bananas,APU0000711211,,,,,,,,False
2022-08-01,Bananas,BLS,U.S. City Average,U.S. City Average,0.643,pound,Bananas,APU0000711211,,,,,,,,False
2022-09-01,Bananas,BLS,U.S. City Average,U.S. City Average,0.643,pound,Bananas,APU0000711211,,,,,,,,False
2022-10-01,Bananas,BLS,U.S. City Average,U.S. City Average,0.634,pound,Bananas,APU0000711211,,,,,,,,False
2022-11-01,Bananas,BLS,U.S. City Average,U.S. City Average,0.631,pound,Bananas,APU0000711211,,,,,,,,False
2022-12-01,Bananas,BLS,U.S. City Average,U.S. City Average,0.628,pound,Bananas,APU0000711211,,,,,,,,False
2023-01-01,Bananas,BLS,U.S. City Average,U.S. City Average,0.639,pound,Bananas,APU0000711211,,,,,,,,False
2023-02-01,Bananas,BLS,U.S. City Average,U.S. City Average,0.641,pound,Bananas,APU0000711211,,,,,,,,False
2023-03-01,Bananas,BLS,U.S. City Average,U.S. City Average,0.632,pound,Bananas,APU0000711211,,,,,,,,False
2023-04-01,Bananas,BLS,U.S. City Average,U.S. City Average,0.635,pound,Bananas,APU0000711211,,,,,,,,False
2023-05-01,Bananas,BLS,U.S. City Average,U.S. City Average,0.628,pound,Bananas,APU0000711211,,,,,,,,False
2023-06-01,Bananas,BLS,U.S. City Average,U.S. City Average,0.625,pound,Bananas,APU0000711211,,,,,,,,False
2023-07-01,Bananas,BLS,U.S. City Average,U.S. City Average,0.631,pound,Bananas,APU0000711211,,,,,,,,False
2023-08-01,Bananas,BLS,U.S. City Average,U.S. City Average,0.631,pound,Bananas,APU0000711211,,,,,,,,False
2023-09-01,Bananas,BLS,U.S. City Average,U.S. City Average,0.625,pound,Bananas,APU0000711211,,,,,,,,False
2023-10-01,Bananas,BLS,U.S. City Average,U.S. City Average,0.626,pound,Bananas,APU0000711211,,,,,,,,False
2023-11-01,Bananas,BLS,U.S. City Average,U.S. City Average,0.627,pound,Bananas,APU0000711211,,,,,,,,False
2023-12-01,Bananas,BLS,U.S. City Average,U.S. City Average,0.625,pound,Bananas,APU0000711211,,,,,,,,False
2024-01-01,Bananas,BLS,U.S. City Average,U.S. City Average,0.617,pound,Bananas,APU0000711211,,,,,,,,False
2024-02-01,Bananas,BLS,U.S. City Average,U.S. City Average,0.625,pound,Bananas,APU0000711211,,,,,,,,False
2024-03-01,Bananas,BLS,U.S. City Average,U.S. City Average,0.629,pound,Bananas,APU0000711211,,,,,,,,False
2024-04-01,Bananas,BLS,U.S. City Average,U.S. City Average,0.626,pound,Bananas,APU0000711211,,,,,,,,False
2024-05-01,Bananas,BLS,U.S. City Average,U.S. City Average,0.622,pound,Bananas,APU0000711211,,,,,,,,False
2024-06-01,Bananas,BLS,U.S. City Average,U.S. City Average,0.625,pound,Bananas,APU0000711211,,,,,,,,False
2024-07-01,Bananas,BLS,U.S. City Average,U.S. City Average,0.613,pound,Bananas,APU0000711211,,,,,,,,False
2024-08-01,Bananas,BLS,U.S. City Average,U.S. City Average,0.612,pound,Bananas,APU0000711211,,,,,,,,False
2024-09-01,Bananas,BLS,U.S. City Average,U.S. City Average,0.617,pound,Bananas,APU0000711211,,,,,,,,False
2024-10-01,Bananas,BLS,U.S. City Average,U.S. City Average,0.619,pound,Bananas,APU0000711211,,,,,,,,False
2024-11-01,Bananas,BLS,U.S. City Average,U.S. City Average,0.622,pound,Bananas,APU0000711211,,,,,,,,False
2024-12-01,Bananas,BLS,U.S. City Average,U.S. City Average,0.615,pound,Bananas,APU0000711211,,,,,,,,False
2025-01-01,Bananas,BLS,U.S. City Average,U.S. City Average,0.621,pound,Bananas,APU0000711211,,,,,,,,False
2025-02-01,Bananas,BLS,U.S. City Average,U.S. City Average,0.619,pound,Bananas,APU0000711211,,,,,,,,False
2025-03-01,Bananas,BLS,U.S. City Average,U.S. City Average,0.625,pound,Bananas,APU0000711211,,,,,,,,False
2025-04-01,Bananas,BLS,U.S. City Average,U.S. City Average,0.635,pound,Bananas,APU0000711211,,,,,,,,False
2025-05-01,Bananas,BLS,U.S. City Average,U.S. City Average,0.655,pound,Bananas,APU0000711211,,,,,,,,False
2025-06-01,Bananas,BLS,U.S. City Average,U.S. City Average,0.654,pound,Bananas,APU0000711211,,,,,,,,False
2025-07-01,Bananas,BLS,U.S. City Average,U.S. City Average,0.657,pound,Bananas,APU0000711211,,,,,,,,False
2025-08-01,Bananas,BLS,U.S. City Average,U.S. City Average,0.666,pound,Bananas,APU0000711211,,,,,,,,False
2025-09-01,Bananas,BLS,U.S. City Average,U.S. City Average,0.67,pound,Bananas,APU0000711211,,,,,,,,False
2025-11-01,Bananas,BLS,U.S. City Average,U.S. City Average,0.664,pound,Bananas,APU0000711211,,,,,,,,False
2025-12-01,Bananas,BLS,U.S. City Average,U.S. City Average,0.656,pound,Bananas,APU0000711211,,,,,,,,False
2026-01-01,Bananas,BLS,U.S. City Average,U.S. City Average,0.653,pound,Bananas,APU0000711211,,,,,,,,False
2026-02-01,Bananas,BLS,U.S. City Average,U.S. City Average,0.653,pound,Bananas,APU0000711211,,,,,,,,False
2026-03-01,Bananas,BLS,U.S. City Average,U.S. City Average,0.657,pound,Bananas,APU0000711211,,,,,,,,False
2026-04-01,Bananas,BLS,U.S. City Average,U.S. City Average,0.654,pound,Bananas,APU0000711211,,,,,,,,False
2026-05-01,Bananas,BLS,U.S. City Average,U.S. City Average,0.646,pound,Bananas,APU0000711211,,,,,,,,False
2026-06-01,Bananas,BLS,U.S. City Average,U.S. City Average,0.645,pound,Bananas,APU0000711211,,,,,,,,False
2026-07-01,Bananas,BLS,U.S. City Average,U.S. City Average,0.65,pound,Bananas,APU0000711211,,,,,,,,False
2026-08-25,Bananas,Kroger,Kroger On the Rhine,"Cincinnati, OH",0.69,pound,Fresh Bunch of Bananas,0000000004011,1 lb,01400513,0.69,,0.69,0.69,,False
2026-08-26,Bananas,Kroger,Kroger On the Rhine,"Cincinnati, OH",0.69,pound,Fresh Bunch of Bananas,0000000004011,1 lb,01400513,0.69,,0.69,0.69,,False
2026-08-27,Bananas,Kroger,Kroger On the Rhine,"Cincinnati, OH",0.69,pound,Fresh Bunch of Bananas,0000000004011,1 lb,01400513,0.69,,0.69,0.69,,False
2026-08-28,Bananas,Kroger,Kroger On the Rhine,"Cincinnati, OH",0.69,pound,Fresh Bunch of Bananas,0000000004011,1 lb,01400513,0.69,,0.69,0.69,,False
2026-08-29,Bananas,Kroger,Kroger On the Rhine,"Cincinnati, OH",0.69,pound,Fresh Bunch of Bananas,0000000004011,1 lb,01400513,0.69,,0.69,0.69,,False
2026-08-30,Bananas,Kroger,Kroger On the Rhine,"Cincinnati, OH",0.69,pound,Fresh Bunch of Bananas,0000000004011,1 lb,01400513,0.69,,0.69,0.69,,False
2026-08-31,Bananas,Kroger,Kroger On the Rhine,"Cincinnati, OH",0.69,pound,Fresh Bunch of Bananas,0000000004011,1 lb,01400513,0.69,,0.69,0.69,,False
2026-09-01,Bananas,Kroger,Kroger On the Rhine,"Cincinnati, OH",0.69,pound,Fresh Bunch of Bananas,0000000004011,1 lb,01400513,0.69,,0.69,0.69,,False
2026-09-02,Bananas,Kroger,Kroger On the Rhine,"Cincinnati, OH",0.69,pound,Fresh Bunch of Bananas,0000000004011,1 lb,01400513,0.69,,0.69,0.69,,False
2026-09-03,Bananas,Kroger,Kroger On the Rhine,"Cincinnati, OH",0.69,pound,Fresh Bunch of Bananas,0000000004011,1 lb,01400513,0.69,,0.69,0.69,,False
2026-09-04,Bananas,Kroger,Kroger On the Rhine,"Cincinnati, OH",0.69,pound,Fresh Bunch of Bananas,0000000004011,1 lb,01400513,0.69,,0.69,0.69,,False
2026-09-05,Bananas,Kroger,Kroger On the Rhine,"Cincinnati, OH",0.69,pound,Fresh Bunch of Bananas,0000000004011,1 lb,01400513,0.69,,0.69,0.69,,False
2026-09-06,Bananas,Kroger,Kroger On the Rhine,"Cincinnati, OH",0.69,pound,Fresh Bunch of Bananas,0000000004011,1 lb,01400513,0.69,,0.69,0.69,,False
2026-09-07,Bananas,Kroger,Kroger On the Rhine,"Cincinnati, OH",0.69,pound,Fresh Bunch of Bananas,0000000004011,1 lb,01400513,0.69,,0.69,0.69,,False
2026-09-08,Bananas,Kroger,Kroger On the Rhine,"Cincinnati, OH",0.69,pound,Fresh Bunch of Bananas,0000000004011,1 lb,01400513,0.69,,0.69,0.69,,False
2026-09-09,Bananas,Kroger,Kroger On the Rhine,"Cincinnati, OH",0.69,pound,Fresh Bunch of Bananas,0000000004011,1 lb,01400513,0.69,,0.69,0.69,,False
2026-09-10,Bananas,Kroger,Kroger On the Rhine,"Cincinnati, OH",0.69,pound,Fresh Bunch of Bananas,0000000004011,1 lb,01400513,0.69,,0.69,0.69,,False
2026-09-11,Bananas,Kroger,Kroger On the Rhine,"Cincinnati, OH",0.69,pound,Fresh Bunch of Bananas,0000000004011,1 lb,01400513,0.69,,0.69,0.69,,False
2026-09-12,Bananas,Kroger,Kroger On the Rhine,"Cincinnati, OH",0.69,pound,Fresh Bunch of Bananas,0000000004011,1 lb,01400513,0.69,,0.69,0.69,,False
2026-09-13,Bananas,Kroger,Kroger On the Rhine,"Cincinnati, OH",0.69,pound,Fresh Bunch of Bananas,0000000004011,1 lb,01400513,0.69,,0.69,0.69,,False
2026-09-14,Bananas,Kroger,Kroger On the Rhine,"Cincinnati, OH",0.69,pound,Fresh Bunch of Bananas,0000000004011,1 lb,01400513,0.69,,0.69,0.69,,False
2017-01-01,Bread,BLS,U.S. City Average,U.S. City Average,1.351,pound,"Bread, white, pan",APU0000702111,,,,,,,,False
2017-02-01,Bread,BLS,U.S. City Average,U.S. City Average,1.358,pound,"Bread, white, pan",APU0000702111,,,,,,,,False
2017-03-01,Bread,BLS,U.S. City Average,U.S. City Average,1.329,pound,"Bread, white, pan",APU0000702111,,,,,,,,False
2017-04-01,Bread,BLS,U.S. City Average,U.S. City Average,1.328,pound,"Bread, white, pan",APU0000702111,,,,,,,,False
2017-05-01,Bread,BLS,U.S. City Average,U.S. City Average,1.327,pound,"Bread, white, pan",APU0000702111,,,,,,,,False
2017-06-01,Bread,BLS,U.S. City Average,U.S. City Average,1.335,pound,"Bread, white, pan",APU0000702111,,,,,,,,False
2017-07-01,Bread,BLS,U.S. City Average,U.S. City Average,1.327,pound,"Bread, white, pan",APU0000702111,,,,,,,,False
2017-08-01,Bread,BLS,U.S. City Average,U.S. City Average,1.348,pound,"Bread, white, pan",APU0000702111,,,,,,,,False
2017-09-01,Bread,BLS,U.S. City Average,U.S. City Average,1.349,pound,"Bread, white, pan",APU0000702111,,,,,,,,False
2017-10-01,Bread,BLS,U.S. City Average,U.S. City Average,1.328,pound,"Bread, white, pan",APU0000702111,,,,,,,,False
2017-11-01,Bread,BLS,U.S. City Average,U.S. City Average,1.295,pound,"Bread, white, pan",APU0000702111,,,,,,,,False
2017-12-01,Bread,BLS,U.S. City Average,U.S. City Average,1.316,pound,"Bread, white, pan",APU0000702111,,,,,,,,False
2018-01-01,Bread,BLS,U.S. City Average,U.S. City Average,1.281,pound,"Bread, white, pan",APU0000702111,,,,,,,,False
2018-02-01,Bread,BLS,U.S. City Average,U.S. City Average,1.265,pound,"Bread, white, pan",APU0000702111,,,,,,,,False
2018-03-01,Bread,BLS,U.S. City Average,U.S. City Average,1.309,pound,"Bread, white, pan",APU0000702111,,,,,,,,False
2018-04-01,Bread,BLS,U.S. City Average,U.S. City Average,1.281,pound,"Bread, white, pan",APU0000702111,,,,,,,,False
2018-05-01,Bread,BLS,U.S. City Average,U.S. City Average,1.293,pound,"Bread, white, pan",APU0000702111,,,,,,,,False
2018-06-01,Bread,BLS,U.S. City Average,U.S. City Average,1.279,pound,"Bread, white, pan",APU0000702111,,,,,,,,False
2018-07-01,Bread,BLS,U.S. City Average,U.S. City Average,1.293,pound,"Bread, white, pan",APU0000702111,,,,,,,,False
2018-08-01,Bread,BLS,U.S. City Average,U.S. City Average,1.302,pound,"Bread, white, pan",APU0000702111,,,,,,,,False
2018-09-01,Bread,BLS,U.S. City Average,U.S. City Average,1.288,pound,"Bread, white, pan",APU0000702111,,,,,,,,False
2018-10-01,Bread,BLS,U.S. City Average,U.S. City Average,1.277,pound,"Bread, white, pan",APU0000702111,,,,,,,,False
2018-11-01,Bread,BLS,U.S. City Average,U.S. City Average,1.274,pound,"Bread, white, pan",APU0000702111,,,,,,,,False
2018-12-01,Bread,BLS,U.S. City Average,U.S. City Average,1.29,pound,"Bread, white, pan",APU0000702111,,,,,,,,False
2019-01-01,Bread,BLS,U.S. City Average,U.S. City Average,1.274,pound,"Bread, white, pan",APU0000702111,,,,,,,,False
2019-02-01,Bread,BLS,U.S. City Average,U.S. City Average,1.282,pound,"Bread, white, pan",APU0000702111,,,,,,,,False
2019-03-01,Bread,BLS,U.S. City Average,U.S. City Average,1.261,pound,"Bread, white, pan",APU0000702111,,,,,,,,False
2019-04-01,Bread,BLS,U.S. City Average,U.S. City Average,1.285,pound,"Bread, white, pan",APU0000702111,,,,,,,,False
2019-05-01,Bread,BLS,U.S. City Average,U.S. City Average,1.289,pound,"Bread, white, pan",APU0000702111,,,,,,,,False
2019-06-01,Bread,BLS,U.S. City Average,U.S. City Average,1.28,pound,"Bread, white, pan",APU0000702111,,,,,,,,False
2019-07-01,Bread,BLS,U.S. City Average,U.S. City Average,1.281,pound,"Bread, white, pan",APU0000702111,,,,,,,,False
2019-08-01,Bread,BLS,U.S. City Average,U.S. City Average,1.275,pound,"Bread, white, pan",APU0000702111,,,,,,,,False
2019-09-01,Bread,BLS,U.S. City Average,U.S. City Average,1.296,pound,"Bread, white, pan",APU0000702111,,,,,,,,False
2019-10-01,Bread,BLS,U.S. City Average,U.S. City Average,1.325,pound,"Bread, white, pan",APU0000702111,,,,,,,,False
2019-11-01,Bread,BLS,U.S. City Average,U.S. City Average,1.361,pound,"Bread, white, pan",APU0000702111,,,,,,,,False
2019-12-01,Bread,BLS,U.S. City Average,U.S. City Average,1.363,pound,"Bread, white, pan",APU0000702111,,,,,,,,False
2020-01-01,Bread,BLS,U.S. City Average,U.S. City Average,1.351,pound,"Bread, white, pan",APU0000702111,,,,,,,,False
2020-02-01,Bread,BLS,U.S. City Average,U.S. City Average,1.375,pound,"Bread, white, pan",APU0000702111,,,,,,,,False
2020-03-01,Bread,BLS,U.S. City Average,U.S. City Average,1.374,pound,"Bread, white, pan",APU0000702111,,,,,,,,False
2020-04-01,Bread,BLS,U.S. City Average,U.S. City Average,1.406,pound,"Bread, white, pan",APU0000702111,,,,,,,,False
2020-05-01,Bread,BLS,U.S. City Average,U.S. City Average,1.412,pound,"Bread, white, pan",APU0000702111,,,,,,,,False
2020-06-01,Bread,BLS,U.S. City Average,U.S. City Average,1.474,pound,"Bread, white, pan",APU0000702111,,,,,,,,False
2020-07-01,Bread,BLS,U.S. City Average,U.S. City Average,1.485,pound,"Bread, white, pan",APU0000702111,,,,,,,,False
2020-08-01,Bread,BLS,U.S. City Average,U.S. City Average,1.495,pound,"Bread, white, pan",APU0000702111,,,,,,,,False
2020-09-01,Bread,BLS,U.S. City Average,U.S. City Average,1.492,pound,"Bread, white, pan",APU0000702111,,,,,,,,False
2020-10-01,Bread,BLS,U.S. City Average,U.S. City Average,1.503,pound,"Bread, white, pan",APU0000702111,,,,,,,,False
2020-11-01,Bread,BLS,U.S. City Average,U.S. City Average,1.515,pound,"Bread, white, pan",APU0000702111,,,,,,,,False
2020-12-01,Bread,BLS,U.S. City Average,U.S. City Average,1.538,pound,"Bread, white, pan",APU0000702111,,,,,,,,False
2021-01-01,Bread,BLS,U.S. City Average,U.S. City Average,1.546,pound,"Bread, white, pan",APU0000702111,,,,,,,,False
2021-02-01,Bread,BLS,U.S. City Average,U.S. City Average,1.537,pound,"Bread, white, pan",APU0000702111,,,,,,,,False
2021-03-01,Bread,BLS,U.S. City Average,U.S. City Average,1.526,pound,"Bread, white, pan",APU0000702111,,,,,,,,False
2021-04-01,Bread,BLS,U.S. City Average,U.S. City Average,1.51,pound,"Bread, white, pan",APU0000702111,,,,,,,,False
2021-05-01,Bread,BLS,U.S. City Average,U.S. City Average,1.511,pound,"Bread, white, pan",APU0000702111,,,,,,,,False
2021-06-01,Bread,BLS,U.S. City Average,U.S. City Average,1.51,pound,"Bread, white, pan",APU0000702111,,,,,,,,False
2021-07-01,Bread,BLS,U.S. City Average,U.S. City Average,1.491,pound,"Bread, white, pan",APU0000702111,,,,,,,,False
2021-08-01,Bread,BLS,U.S. City Average,U.S. City Average,1.467,pound,"Bread, white, pan",APU0000702111,,,,,,,,False
2021-09-01,Bread,BLS,U.S. City Average,U.S. City Average,1.58,pound,"Bread, white, pan",APU0000702111,,,,,,,,False
2021-10-01,Bread,BLS,U.S. City Average,U.S. City Average,1.526,pound,"Bread, white, pan",APU0000702111,,,,,,,,False
2021-11-01,Bread,BLS,U.S. City Average,U.S. City Average,1.547,pound,"Bread, white, pan",APU0000702111,,,,,,,,False
2021-12-01,Bread,BLS,U.S. City Average,U.S. City Average,1.532,pound,"Bread, white, pan",APU0000702111,,,,,,,,False
2022-01-01,Bread,BLS,U.S. City Average,U.S. City Average,1.555,pound,"Bread, white, pan",APU0000702111,,,,,,,,False
2022-02-01,Bread,BLS,U.S. City Average,U.S. City Average,1.578,pound,"Bread, white, pan",APU0000702111,,,,,,,,False
2022-03-01,Bread,BLS,U.S. City Average,U.S. City Average,1.607,pound,"Bread, white, pan",APU0000702111,,,,,,,,False
2022-04-01,Bread,BLS,U.S. City Average,U.S. City Average,1.612,pound,"Bread, white, pan",APU0000702111,,,,,,,,False
2022-05-01,Bread,BLS,U.S. City Average,U.S. City Average,1.606,pound,"Bread, white, pan",APU0000702111,,,,,,,,False
2022-06-01,Bread,BLS,U.S. City Average,U.S. City Average,1.691,pound,"Bread, white, pan",APU0000702111,,,,,,,,False
2022-07-01,Bread,BLS,U.S. City Average,U.S. City Average,1.715,pound,"Bread, white, pan",APU0000702111,,,,,,,,False
2022-08-01,Bread,BLS,U.S. City Average,U.S. City Average,1.756,pound,"Bread, white, pan",APU0000702111,,,,,,,,False
2022-09-01,Bread,BLS,U.S. City Average,U.S. City Average,1.749,pound,"Bread, white, pan",APU0000702111,,,,,,,,False
2022-10-01,Bread,BLS,U.S. City Average,U.S. City Average,1.814,pound,"Bread, white, pan",APU0000702111,,,,,,,,False
2022-11-01,Bread,BLS,U.S. City Average,U.S. City Average,1.847,pound,"Bread, white, pan",APU0000702111,,,,,,,,False
2022-12-01,Bread,BLS,U.S. City Average,U.S. City Average,1.873,pound,"Bread, white, pan",APU0000702111,,,,,,,,False
2023-01-01,Bread,BLS,U.S. City Average,U.S. City Average,1.888,pound,"Bread, white, pan",APU0000702111,,,,,,,,False
2023-02-01,Bread,BLS,U.S. City Average,U.S. City Average,1.896,pound,"Bread, white, pan",APU0000702111,,,,,,,,False
2023-03-01,Bread,BLS,U.S. City Average,U.S. City Average,1.936,pound,"Bread, white, pan",APU0000702111,,,,,,,,False
2023-04-01,Bread,BLS,U.S. City Average,U.S. City Average,1.989,pound,"Bread, white, pan",APU0000702111,,,,,,,,False
2023-05-01,Bread,BLS,U.S. City Average,U.S. City Average,1.951,pound,"Bread, white, pan",APU0000702111,,,,,,,,False
2023-06-01,Bread,BLS,U.S. City Average,U.S. City Average,1.937,pound,"Bread, white, pan",APU0000702111,,,,,,,,False
2023-07-01,Bread,BLS,U.S. City Average,U.S. City Average,1.98,pound,"Bread, white, pan",APU0000702111,,,,,,,,False
2023-08-01,Bread,BLS,U.S. City Average,U.S. City Average,1.97,pound,"Bread, white, pan",APU0000702111,,,,,,,,False
2023-09-01,Bread,BLS,U.S. City Average,U.S. City Average,1.972,pound,"Bread, white, pan",APU0000702111,,,,,,,,False
2023-10-01,Bread,BLS,U.S. City Average,U.S. City Average,2.002,pound,"Bread, white, pan",APU0000702111,,,,,,,,False
2023-11-01,Bread,BLS,U.S. City Average,U.S. City Average,1.976,pound,"Bread, white, pan",APU0000702111,,,,,,,,False
2023-12-01,Bread,BLS,U.S. City Average,U.S. City Average,2.024,pound,"Bread, white, pan",APU0000702111,,,,,,,,False
2024-01-01,Bread,BLS,U.S. City Average,U.S. City Average,2.033,pound,"Bread, white, pan",APU0000702111,,,,,,,,False
2024-02-01,Bread,BLS,U.S. City Average,U.S. City Average,2.006,pound,"Bread, white, pan",APU0000702111,,,,,,,,False
2024-03-01,Bread,BLS,U.S. City Average,U.S. City Average,1.997,pound,"Bread, white, pan",APU0000702111,,,,,,,,False
2024-04-01,Bread,BLS,U.S. City Average,U.S. City Average,1.998,pound,"Bread, white, pan",APU0000702111,,,,,,,,False
2024-05-01,Bread,BLS,U.S. City Average,U.S. City Average,1.971,pound,"Bread, white, pan",APU0000702111,,,,,,,,False
2024-06-01,Bread,BLS,U.S. City Average,U.S. City Average,1.973,pound,"Bread, white, pan",APU0000702111,,,,,,,,False
2024-07-01,Bread,BLS,U.S. City Average,U.S. City Average,1.975,pound,"Bread, white, pan",APU0000702111,,,,,,,,False
2024-08-01,Bread,BLS,U.S. City Average,U.S. City Average,1.951,pound,"Bread, white, pan",APU0000702111,,,,,,,,False
2024-09-01,Bread,BLS,U.S. City Average,U.S. City Average,1.976,pound,"Bread, white, pan",APU0000702111,,,,,,,,False
2024-10-01,Bread,BLS,U.S. City Average,U.S. City Average,1.937,pound,"Bread, white, pan",APU0000702111,,,,,,,,False
2024-11-01,Bread,BLS,U.S. City Average,U.S. City Average,1.916,pound,"Bread, white, pan",APU0000702111,,,,,,,,False
2024-12-01,Bread,BLS,U.S. City Average,U.S. City Average,1.912,pound,"Bread, white, pan",APU0000702111,,,,,,,,False
2025-01-01,Bread,BLS,U.S. City Average,U.S. City Average,1.925,pound,"Bread, white, pan",APU0000702111,,,,,,,,False
2025-02-01,Bread,BLS,U.S. City Average,U.S. City Average,1.925,pound,"Bread, white, pan",APU0000702111,,,,,,,,False
2025-03-01,Bread,BLS,U.S. City Average,U.S. City Average,1.88,pound,"Bread, white, pan",APU0000702111,,,,,,,,False
2025-04-01,Bread,BLS,U.S. City Average,U.S. City Average,1.913,pound,"Bread, white, pan",APU0000702111,,,,,,,,False
2025-05-01,Bread,BLS,U.S. City Average,U.S. City Average,1.876,pound,"Bread, white, pan",APU0000702111,,,,,,,,False
2025-06-01,Bread,BLS,U.S. City Average,U.S. City Average,1.864,pound,"Bread, white, pan",APU0000702111,,,,,,,,False
2025-07-01,Bread,BLS,U.S. City Average,U.S. City Average,1.851,pound,"Bread, white, pan",APU0000702111,,,,,,,,False
2025-08-01,Bread,BLS,U.S. City Average,U.S. City Average,1.841,pound,"Bread, white, pan",APU0000702111,,,,,,,,False
2025-09-01,Bread,BLS,U.S. City Average,U.S. City Average,1.867,pound,"Bread, white, pan",APU0000702111,,,,,,,,False
2025-11-01,Bread,BLS,U.S. City Average,U.S. City Average,1.79,pound,"Bread, white, pan",APU0000702111,,,,,,,,False
2025-12-01,Bread,BLS,U.S. City Average,U.S. City Average,1.833,pound,"Bread, white, pan",APU0000702111,,,,,,,,False
2026-01-01,Bread,BLS,U.S. City Average,U.S. City Average,1.843,pound,"Bread, white, pan",APU0000702111,,,,,,,,False
2026-02-01,Bread,BLS,U.S. City Average,U.S. City Average,1.85,pound,"Bread, white, pan",APU0000702111,,,,,,,,False
2026-03-01,Bread,BLS,U.S. City Average,U.S. City Average,1.808,pound,"Bread, white, pan",APU0000702111,,,,,,,,False
2026-04-01,Bread,BLS,U.S. City Average,U.S. City Average,1.869,pound,"Bread, white, pan",APU0000702111,,,,,,,,False
2026-05-01,Bread,BLS,U.S. City Average,U.S. City Average,1.83,pound,"Bread, white, pan",APU0000702111,,,,,,,,False
2026-06-01,Bread,BLS,U.S. City Average,U.S. City Average,1.814,pound,"Bread, white, pan",APU0000702111,,,,,,,,False
2026-07-01,Bread,BLS,U.S. City Average,U.S. City Average,1.82,pound,"Bread, white, pan",APU0000702111,,,,,,,,False
2026-08-25,Bread,Kroger,Kroger On the Rhine,"Cincinnati, OH",1.592,pound,Kroger White Bread,0001111008485,20 oz,01400513,1.99,,1.99,1.592,,False
2026-08-26,Bread,Kroger,Kroger On the Rhine,"Cincinnati, OH",1.592,pound,Kroger White Bread,0001111008485,20 oz,01400513,1.99,,1.99,1.592,,False
2026-08-27,Bread,Kroger,Kroger On the Rhine,"Cincinnati, OH",1.592,pound,Kroger White Bread,0001111008485,20 oz,01400513,1.99,,1.99,1.592,,False
2026-08-28,Bread,Kroger,Kroger On the Rhine,"Cincinnati, OH",1.592,pound,Kroger White Bread,0001111008485,20 oz,01400513,1.99,,1.99,1.592,,False
2026-08-29,Bread,Kroger,Kroger On the Rhine,"Cincinnati, OH",1.592,pound,Kroger White Bread,0001111008485,20 oz,01400513,1.99,,1.99,1.592,,False
2026-08-30,Bread,Kroger,Kroger On the Rhine,"Cincinnati, OH",1.592,pound,Kroger White Bread,0001111008485,20 oz,01400513,1.99,,1.99,1.592,,False
2026-08-31,Bread,Kroger,Kroger On the Rhine,"Cincinnati, OH",1.592,pound,Kroger White Bread,0001111008485,20 oz,01400513,1.99,,1.99,1.592,,False
2026-09-01,Bread,Kroger,Kroger On the Rhine,"Cincinnati, OH",1.592,pound,Kroger White Bread,0001111008485,20 oz,01400513,1.99,,1.99,1.592,,False
2026-09-02,Bread,Kroger,Kroger On the Rhine,"Cincinnati, OH",1.592,pound,Kroger White Bread,0001111008485,20 oz,01400513,1.99,,1.99,1.592,,False
2026-09-03,Bread,Kroger,Kroger On the Rhine,"Cincinnati, OH",1.592,pound,Kroger White Bread,0001111008485,20 oz,01400513,1.99,,1.99,1.592,,False
2026-09-04,Bread,Kroger,Kroger On the Rhine,"Cincinnati, OH",1.592,pound,Kroger White Bread,0001111008485,20 oz,01400513,1.99,,1.99,1.592,,False
2026-09-05,Bread,Kroger,Kroger On the Rhine,"Cincinnati, OH",1.592,pound,Kroger White Bread,0001111008485,20 oz,01400513,1.99,,1.99,1.592,,False
2026-09-06,Bread,Kroger,Kroger On the Rhine,"Cincinnati, OH",1.592,pound,Kroger White Bread,0001111008485,20 oz,01400513,1.99,,1.99,1.592,,False
2026-09-07,Bread,Kroger,Kroger On the Rhine,"Cincinnati, OH",1.592,pound,Kroger White Bread,0001111008485,20 oz,01400513,1.99,,1.99,1.592,,False
2026-09-08,Bread,Kroger,Kroger On the Rhine,"Cincinnati, OH",1.592,pound,Kroger White Bread,0001111008485,20 oz,01400513,1.99,,1.99,1.592,,False
2026-09-09,Bread,Kroger,Kroger On the Rhine,"Cincinnati, OH",1.592,pound,Kroger White Bread,0001111008485,20 oz,01400513,1.99,,1.99,1.592,,False
2026-09-10,Bread,Kroger,Kroger On the Rhine,"Cincinnati, OH",1.592,pound,Kroger White Bread,0001111008485,20 oz,01400513,1.99,,1.99,1.592,,False
2026-09-11,Bread,Kroger,Kroger On the Rhine,"Cincinnati, OH",1.592,pound,Kroger White Bread,0001111008485,20 oz,01400513,1.99,,1.99,1.592,,False
2026-09-12,Bread,Kroger,Kroger On the Rhine,"Cincinnati, OH",1.592,pound,Kroger White Bread,0001111008485,20 oz,01400513,1.99,,1.99,1.592,,False
2026-09-13,Bread,Kroger,Kroger On the Rhine,"Cincinnati, OH",1.592,pound,Kroger White Bread,0001111008485,20 oz,01400513,1.99,,1.99,1.592,,False
2026-09-14,Bread,Kroger,Kroger On the Rhine,"Cincinnati, OH",1.592,pound,Kroger White Bread,0001111008485,20 oz,01400513,1.99,,1.99,1.592,,False
2018-04-01,Butter,BLS,U.S. City Average,U.S. City Average,4.153,pound,"Butter, in sticks",APU0000FS1101,,,,,,,,False
2018-05-01,Butter,BLS,U.S. City Average,U.S. City Average,4.112,pound,"Butter, in sticks",APU0000FS1101,,,,,,,,False
2018-06-01,Butter,BLS,U.S. City Average,U.S. City Average,4.064,pound,"Butter, in sticks",APU0000FS1101,,,,,,,,False
2018-07-01,Butter,BLS,U.S. City Average,U.S. City Average,4.11,pound,"Butter, in sticks",APU0000FS1101,,,,,,,,False
2018-08-01,Butter,BLS,U.S. City Average,U.S. City Average,4.085,pound,"Butter, in sticks",APU0000FS1101,,,,,,,,False
2018-09-01,Butter,BLS,U.S. City Average,U.S. City Average,4.119,pound,"Butter, in sticks",APU0000FS1101,,,,,,,,False
2018-10-01,Butter,BLS,U.S. City Average,U.S. City Average,4.111,pound,"Butter, in sticks",APU0000FS1101,,,,,,,,False
2018-11-01,Butter,BLS,U.S. City Average,U.S. City Average,3.953,pound,"Butter, in sticks",APU0000FS1101,,,,,,,,False
2018-12-01,Butter,BLS,U.S. City Average,U.S. City Average,3.931,pound,"Butter, in sticks",APU0000FS1101,,,,,,,,False
2019-01-01,Butter,BLS,U.S. City Average,U.S. City Average,4.055,pound,"Butter, in sticks",APU0000FS1101,,,,,,,,False
2019-02-01,Butter,BLS,U.S. City Average,U.S. City Average,4.154,pound,"Butter, in sticks",APU0000FS1101,,,,,,,,False
2019-03-01,Butter,BLS,U.S. City Average,U.S. City Average,4.261,pound,"Butter, in sticks",APU0000FS1101,,,,,,,,False
2019-04-01,Butter,BLS,U.S. City Average,U.S. City Average,4.019,pound,"Butter, in sticks",APU0000FS1101,,,,,,,,False
2019-05-01,Butter,BLS,U.S. City Average,U.S. City Average,4.111,pound,"Butter, in sticks",APU0000FS1101,,,,,,,,False
2019-06-01,Butter,BLS,U.S. City Average,U.S. City Average,3.921,pound,"Butter, in sticks",APU0000FS1101,,,,,,,,False
2019-07-01,Butter,BLS,U.S. City Average,U.S. City Average,3.977,pound,"Butter, in sticks",APU0000FS1101,,,,,,,,False
2019-08-01,Butter,BLS,U.S. City Average,U.S. City Average,4.036,pound,"Butter, in sticks",APU0000FS1101,,,,,,,,False
2019-09-01,Butter,BLS,U.S. City Average,U.S. City Average,3.954,pound,"Butter, in sticks",APU0000FS1101,,,,,,,,False
2019-10-01,Butter,BLS,U.S. City Average,U.S. City Average,3.979,pound,"Butter, in sticks",APU0000FS1101,,,,,,,,False
2019-11-01,Butter,BLS,U.S. City Average,U.S. City Average,3.713,pound,"Butter, in sticks",APU0000FS1101,,,,,,,,False
2019-12-01,Butter,BLS,U.S. City Average,U.S. City Average,3.624,pound,"Butter, in sticks",APU0000FS1101,,,,,,,,False
2020-01-01,Butter,BLS,U.S. City Average,U.S. City Average,3.864,pound,"Butter, in sticks",APU0000FS1101,,,,,,,,False
2020-02-01,Butter,BLS,U.S. City Average,U.S. City Average,3.762,pound,"Butter, in sticks",APU0000FS1101,,,,,,,,False
2020-03-01,Butter,BLS,U.S. City Average,U.S. City Average,3.857,pound,"Butter, in sticks",APU0000FS1101,,,,,,,,False
2020-04-01,Butter,BLS,U.S. City Average,U.S. City Average,3.725,pound,"Butter, in sticks",APU0000FS1101,,,,,,,,False
2020-05-01,Butter,BLS,U.S. City Average,U.S. City Average,3.535,pound,"Butter, in sticks",APU0000FS1101,,,,,,,,False
2020-06-01,Butter,BLS,U.S. City Average,U.S. City Average,3.491,pound,"Butter, in sticks",APU0000FS1101,,,,,,,,False
2020-07-01,Butter,BLS,U.S. City Average,U.S. City Average,3.572,pound,"Butter, in sticks",APU0000FS1101,,,,,,,,False
2020-08-01,Butter,BLS,U.S. City Average,U.S. City Average,3.623,pound,"Butter, in sticks",APU0000FS1101,,,,,,,,False
2020-09-01,Butter,BLS,U.S. City Average,U.S. City Average,3.57,pound,"Butter, in sticks",APU0000FS1101,,,,,,,,False
2020-10-01,Butter,BLS,U.S. City Average,U.S. City Average,3.586,pound,"Butter, in sticks",APU0000FS1101,,,,,,,,False
2020-11-01,Butter,BLS,U.S. City Average,U.S. City Average,3.325,pound,"Butter, in sticks",APU0000FS1101,,,,,,,,False
2020-12-01,Butter,BLS,U.S. City Average,U.S. City Average,3.533,pound,"Butter, in sticks",APU0000FS1101,,,,,,,,False
2021-01-01,Butter,BLS,U.S. City Average,U.S. City Average,3.644,pound,"Butter, in sticks",APU0000FS1101,,,,,,,,False
2021-02-01,Butter,BLS,U.S. City Average,U.S. City Average,3.661,pound,"Butter, in sticks",APU0000FS1101,,,,,,,,False
2021-03-01,Butter,BLS,U.S. City Average,U.S. City Average,3.643,pound,"Butter, in sticks",APU0000FS1101,,,,,,,,False
2021-04-01,Butter,BLS,U.S. City Average,U.S. City Average,3.521,pound,"Butter, in sticks",APU0000FS1101,,,,,,,,False
2021-05-01,Butter,BLS,U.S. City Average,U.S. City Average,3.561,pound,"Butter, in sticks",APU0000FS1101,,,,,,,,False
2021-06-01,Butter,BLS,U.S. City Average,U.S. City Average,3.585,pound,"Butter, in sticks",APU0000FS1101,,,,,,,,False
2021-07-01,Butter,BLS,U.S. City Average,U.S. City Average,3.599,pound,"Butter, in sticks",APU0000FS1101,,,,,,,,False
2021-08-01,Butter,BLS,U.S. City Average,U.S. City Average,3.634,pound,"Butter, in sticks",APU0000FS1101,,,,,,,,False
2021-09-01,Butter,BLS,U.S. City Average,U.S. City Average,3.568,pound,"Butter, in sticks",APU0000FS1101,,,,,,,,False
2021-10-01,Butter,BLS,U.S. City Average,U.S. City Average,3.652,pound,"Butter, in sticks",APU0000FS1101,,,,,,,,False
2021-11-01,Butter,BLS,U.S. City Average,U.S. City Average,3.477,pound,"Butter, in sticks",APU0000FS1101,,,,,,,,False
2021-12-01,Butter,BLS,U.S. City Average,U.S. City Average,3.474,pound,"Butter, in sticks",APU0000FS1101,,,,,,,,False
2022-01-01,Butter,BLS,U.S. City Average,U.S. City Average,3.672,pound,"Butter, in sticks",APU0000FS1101,,,,,,,,False
2022-02-01,Butter,BLS,U.S. City Average,U.S. City Average,3.774,pound,"Butter, in sticks",APU0000FS1101,,,,,,,,False
2022-03-01,Butter,BLS,U.S. City Average,U.S. City Average,4.076,pound,"Butter, in sticks",APU0000FS1101,,,,,,,,False
2022-04-01,Butter,BLS,U.S. City Average,U.S. City Average,4.15,pound,"Butter, in sticks",APU0000FS1101,,,,,,,,False
2022-05-01,Butter,BLS,U.S. City Average,U.S. City Average,4.285,pound,"Butter, in sticks",APU0000FS1101,,,,,,,,False
2022-06-01,Butter,BLS,U.S. City Average,U.S. City Average,4.386,pound,"Butter, in sticks",APU0000FS1101,,,,,,,,False
2022-07-01,Butter,BLS,U.S. City Average,U.S. City Average,4.552,pound,"Butter, in sticks",APU0000FS1101,,,,,,,,False
2022-08-01,Butter,BLS,U.S. City Average,U.S. City Average,4.699,pound,"Butter, in sticks",APU0000FS1101,,,,,,,,False
2022-09-01,Butter,BLS,U.S. City Average,U.S. City Average,4.718,pound,"Butter, in sticks",APU0000FS1101,,,,,,,,False
2022-10-01,Butter,BLS,U.S. City Average,U.S. City Average,4.847,pound,"Butter, in sticks",APU0000FS1101,,,,,,,,False
2022-11-01,Butter,BLS,U.S. City Average,U.S. City Average,4.639,pound,"Butter, in sticks",APU0000FS1101,,,,,,,,False
2022-12-01,Butter,BLS,U.S. City Average,U.S. City Average,4.811,pound,"Butter, in sticks",APU0000FS1101,,,,,,,,False
2023-01-01,Butter,BLS,U.S. City Average,U.S. City Average,4.882,pound,"Butter, in sticks",APU0000FS1101,,,,,,,,False
2023-02-01,Butter,BLS,U.S. City Average,U.S. City Average,4.869,pound,"Butter, in sticks",APU0000FS1101,,,,,,,,False
2023-03-01,Butter,BLS,U.S. City Average,U.S. City Average,4.663,pound,"Butter, in sticks",APU0000FS1101,,,,,,,,False
2023-04-01,Butter,BLS,U.S. City Average,U.S. City Average,4.452,pound,"Butter, in sticks",APU0000FS1101,,,,,,,,False
2023-05-01,Butter,BLS,U.S. City Average,U.S. City Average,4.549,pound,"Butter, in sticks",APU0000FS1101,,,,,,,,False
2023-06-01,Butter,BLS,U.S. City Average,U.S. City Average,4.452,pound,"Butter, in sticks",APU0000FS1101,,,,,,,,False
2023-07-01,Butter,BLS,U.S. City Average,U.S. City Average,4.465,pound,"Butter, in sticks",APU0000FS1101,,,,,,,,False
2023-08-01,Butter,BLS,U.S. City Average,U.S. City Average,4.411,pound,"Butter, in sticks",APU0000FS1101,,,,,,,,False
2023-09-01,Butter,BLS,U.S. City Average,U.S. City Average,4.407,pound,"Butter, in sticks",APU0000FS1101,,,,,,,,False
2023-10-01,Butter,BLS,U.S. City Average,U.S. City Average,4.55,pound,"Butter, in sticks",APU0000FS1101,,,,,,,,False
2023-11-01,Butter,BLS,U.S. City Average,U.S. City Average,4.52,pound,"Butter, in sticks",APU0000FS1101,,,,,,,,False
2023-12-01,Butter,BLS,U.S. City Average,U.S. City Average,4.505,pound,"Butter, in sticks",APU0000FS1101,,,,,,,,False
2024-01-01,Butter,BLS,U.S. City Average,U.S. City Average,4.659,pound,"Butter, in sticks",APU0000FS1101,,,,,,,,False
2024-02-01,Butter,BLS,U.S. City Average,U.S. City Average,4.634,pound,"Butter, in sticks",APU0000FS1101,,,,,,,,False
2024-03-01,Butter,BLS,U.S. City Average,U.S. City Average,4.484,pound,"Butter, in sticks",APU0000FS1101,,,,,,,,False
2024-04-01,Butter,BLS,U.S. City Average,U.S. City Average,4.629,pound,"Butter, in sticks",APU0000FS1101,,,,,,,,False
2024-05-01,Butter,BLS,U.S. City Average,U.S. City Average,4.589,pound,"Butter, in sticks",APU0000FS1101,,,,,,,,False
2024-06-01,Butter,BLS,U.S. City Average,U.S. City Average,4.696,pound,"Butter, in sticks",APU0000FS1101,,,,,,,,False
2024-07-01,Butter,BLS,U.S. City Average,U.S. City Average,4.897,pound,"Butter, in sticks",APU0000FS1101,,,,,,,,False
2024-08-01,Butter,BLS,U.S. City Average,U.S. City Average,4.796,pound,"Butter, in sticks",APU0000FS1101,,,,,,,,False
2024-09-01,Butter,BLS,U.S. City Average,U.S. City Average,5.004,pound,"Butter, in sticks",APU0000FS1101,,,,,,,,False
2024-10-01,Butter,BLS,U.S. City Average,U.S. City Average,4.937,pound,"Butter, in sticks",APU0000FS1101,,,,,,,,False
2024-11-01,Butter,BLS,U.S. City Average,U.S. City Average,4.794,pound,"Butter, in sticks",APU0000FS1101,,,,,,,,False
2024-12-01,Butter,BLS,U.S. City Average,U.S. City Average,4.728,pound,"Butter, in sticks",APU0000FS1101,,,,,,,,False
2025-01-01,Butter,BLS,U.S. City Average,U.S. City Average,4.912,pound,"Butter, in sticks",APU0000FS1101,,,,,,,,False
2025-02-01,Butter,BLS,U.S. City Average,U.S. City Average,4.869,pound,"Butter, in sticks",APU0000FS1101,,,,,,,,False
2025-03-01,Butter,BLS,U.S. City Average,U.S. City Average,4.816,pound,"Butter, in sticks",APU0000FS1101,,,,,,,,False
2025-04-01,Butter,BLS,U.S. City Average,U.S. City Average,4.78,pound,"Butter, in sticks",APU0000FS1101,,,,,,,,False
2025-05-01,Butter,BLS,U.S. City Average,U.S. City Average,4.952,pound,"Butter, in sticks",APU0000FS1101,,,,,,,,False
2025-06-01,Butter,BLS,U.S. City Average,U.S. City Average,4.872,pound,"Butter, in sticks",APU0000FS1101,,,,,,,,False
2025-07-01,Butter,BLS,U.S. City Average,U.S. City Average,4.797,pound,"Butter, in sticks",APU0000FS1101,,,,,,,,False
2025-08-01,Butter,BLS,U.S. City Average,U.S. City Average,4.828,pound,"Butter, in sticks",APU0000FS1101,,,,,,,,False
2025-09-01,Butter,BLS,U.S. City Average,U.S. City Average,4.787,pound,"Butter, in sticks",APU0000FS1101,,,,,,,,False
2025-11-01,Butter,BLS,U.S. City Average,U.S. City Average,4.31,pound,"Butter, in sticks",APU0000FS1101,,,,,,,,False
2025-12-01,Butter,BLS,U.S. City Average,U.S. City Average,4.408,pound,"Butter, in sticks",APU0000FS1101,,,,,,,,False
2026-01-01,Butter,BLS,U.S. City Average,U.S. City Average,4.383,pound,"Butter, in sticks",APU0000FS1101,,,,,,,,False
2026-02-01,Butter,BLS,U.S. City Average,U.S. City Average,4.314,pound,"Butter, in sticks",APU0000FS1101,,,,,,,,False
2026-03-01,Butter,BLS,U.S. City Average,U.S. City Average,4.258,pound,"Butter, in sticks",APU0000FS1101,,,,,,,,False
2026-04-01,Butter,BLS,U.S. City Average,U.S. City Average,4.216,pound,"Butter, in sticks",APU0000FS1101,,,,,,,,False
2026-05-01,Butter,BLS,U.S. City Average,U.S. City Average,3.929,pound,"Butter, in sticks",APU0000FS1101,,,,,,,,False
2026-06-01,Butter,BLS,U.S. City Average,U.S. City Average,3.816,pound,"Butter, in sticks",APU0000FS1101,,,,,,,,False
2026-07-01,Butter,BLS,U.S. City Average,U.S. City Average,3.922,pound,"Butter, in sticks",APU0000FS1101,,,,,,,,False
2026-08-25,Butter,Kroger,Kroger On the Rhine,"Cincinnati, OH",3.49,pound,Kroger Salted Butter Sticks,0001111089301,16 oz,01400513,3.49,,3.49,3.49,,False
2026-08-26,Butter,Kroger,Kroger On the Rhine,"Cincinnati, OH",3.49,pound,Kroger Salted Butter Sticks,0001111089301,16 oz,01400513,3.49,,3.49,3.49,,False
2026-08-27,Butter,Kroger,Kroger On the Rhine,"Cincinnati, OH",3.49,pound,Kroger Salted Butter Sticks,0001111089301,16 oz,01400513,3.49,,3.49,3.49,,False
2026-08-28,Butter,Kroger,Kroger On the Rhine,"Cincinnati, OH",3.49,pound,Kroger Salted Butter Sticks,0001111089301,16 oz,01400513,3.49,,3.49,3.49,,False
2026-08-29,Butter,Kroger,Kroger On the Rhine,"Cincinnati, OH",3.49,pound,Kroger Salted Butter Sticks,0001111089301,16 oz,01400513,3.49,,3.49,3.49,,False
2026-08-30,Butter,Kroger,Kroger On the Rhine,"Cincinnati, OH",3.49,pound,Kroger Salted Butter Sticks,0001111089301,16 oz,01400513,3.49,,3.49,3.49,,False
2026-08-31,Butter,Kroger,Kroger On the Rhine,"Cincinnati, OH",3.49,pound,Kroger Salted Butter Sticks,0001111089301,16 oz,01400513,3.49,,3.49,3.49,,False
2026-09-01,Butter,Kroger,Kroger On the Rhine,"Cincinnati, OH",3.49,pound,Kroger Salted Butter Sticks,0001111089301,16 oz,01400513,3.49,,3.49,3.49,,False
2026-09-02,Butter,Kroger,Kroger On the Rhine,"Cincinnati, OH",2.99,pound,Kroger Salted Butter Sticks,0001111089301,16 oz,01400513,3.49,2.99,2.99,3.49,2.99,True
2026-09-03,Butter,Kroger,Kroger On the Rhine,"Cincinnati, OH",2.99,pound,Kroger Salted Butter Sticks,0001111089301,16 oz,01400513,3.49,2.99,2.99,3.49,2.99,True
2026-09-04,Butter,Kroger,Kroger On the Rhine,"Cincinnati, OH",2.99,pound,Kroger Salted Butter Sticks,0001111089301,16 oz,01400513,3.49,2.99,2.99,3.49,2.99,True
2026-09-05,Butter,Kroger,Kroger On the Rhine,"Cincinnati, OH",2.99,pound,Kroger Salted Butter Sticks,0001111089301,16 oz,01400513,3.49,2.99,2.99,3.49,2.99,True
2026-09-06,Butter,Kroger,Kroger On the Rhine,"Cincinnati, OH",2.99,pound,Kroger Salted Butter Sticks,0001111089301,16 oz,01400513,3.49,2.99,2.99,3.49,2.99,True
2026-09-07,Butter,Kroger,Kroger On the Rhine,"Cincinnati, OH",2.99,pound,Kroger Salted Butter Sticks,0001111089301,16 oz,01400513,3.49,2.99,2.99,3.49,2.99,True
2026-09-08,Butter,Kroger,Kroger On the Rhine,"Cincinnati, OH",2.99,pound,Kroger Salted Butter Sticks,0001111089301,16 oz,01400513,3.49,2.99,2.99,3.49,2.99,True
2026-09-09,Butter,Kroger,Kroger On the Rhine,"Cincinnati, OH",3.49,pound,Kroger Salted Butter Sticks,0001111089301,16 oz,01400513,3.49,,3.49,3.49,,False
2026-09-10,Butter,Kroger,Kroger On the Rhine,"Cincinnati, OH",3.49,pound,Kroger Salted Butter Sticks,0001111089301,16 oz,01400513,3.49,,3.49,3.49,,False
2026-09-11,Butter,Kroger,Kroger On the Rhine,"Cincinnati, OH",3.49,pound,Kroger Salted Butter Sticks,0001111089301,16 oz,01400513,3.49,,3.49,3.49,,False
2026-09-12,Butter,Kroger,Kroger On the Rhine,"Cincinnati, OH",3.49,pound,Kroger Salted Butter Sticks,0001111089301,16 oz,01400513,3.49,,3.49,3.49,,False
2026-09-13,Butter,Kroger,Kroger On the Rhine,"Cincinnati, OH",3.49,pound,Kroger Salted Butter Sticks,0001111089301,16 oz,01400513,3.49,,3.49,3.49,,False
2026-09-14,Butter,Kroger,Kroger On the Rhine,"Cincinnati, OH",3.49,pound,Kroger Salted Butter Sticks,0001111089301,16 oz,01400513,3.49,,3.49,3.49,,False
2026-08-25,Cereal,Kroger,Kroger On the Rhine,"Cincinnati, OH",1.768888888888889,pound,Kroger Bite Size Frosted Shredded Wheat Cereal,0001111086705,18 oz,01400513,1.99,,1.99,1.768888888888889,,False
2026-08-26,Cereal,Kroger,Kroger On the Rhine,"Cincinnati, OH",1.768888888888889,pound,Kroger Bite Size Frosted Shredded Wheat Cereal,0001111086705,18 oz,01400513,1.99,,1.99,1.768888888888889,,False
2026-08-27,Cereal,Kroger,Kroger On the Rhine,"Cincinnati, OH",1.768888888888889,pound,Kroger Bite Size Frosted Shredded Wheat Cereal,0001111086705,18 oz,01400513,1.99,,1.99,1.768888888888889,,False
2026-08-28,Cereal,Kroger,Kroger On the Rhine,"Cincinnati, OH",1.768888888888889,pound,Kroger Bite Size Frosted Shredded Wheat Cereal,0001111086705,18 oz,01400513,1.99,,1.99,1.768888888888889,,False
2026-08-29,Cereal,Kroger,Kroger On the Rhine,"Cincinnati, OH",1.768888888888889,pound,Kroger Bite Size Frosted Shredded Wheat Cereal,0001111086705,18 oz,01400513,1.99,,1.99,1.768888888888889,,False
2026-08-30,Cereal,Kroger,Kroger On the Rhine,"Cincinnati, OH",1.768888888888889,pound,Kroger Bite Size Frosted Shredded Wheat Cereal,0001111086705,18 oz,01400513,1.99,,1.99,1.768888888888889,,False
2026-08-31,Cereal,Kroger,Kroger On the Rhine,"Cincinnati, OH",1.768888888888889,pound,Kroger Bite Size Frosted Shredded Wheat Cereal,0001111086705,18 oz,01400513,1.99,,1.99,1.768888888888889,,False
2026-09-01,Cereal,Kroger,Kroger On the Rhine,"Cincinnati, OH",1.768888888888889,pound,Kroger Bite Size Frosted Shredded Wheat Cereal,0001111086705,18 oz,01400513,1.99,,1.99,1.768888888888889,,False
2026-09-02,Cereal,Kroger,Kroger On the Rhine,"Cincinnati, OH",1.7777777777777777,pound,Kroger Bite Size Frosted Shredded Wheat Cereal,0001111086705,18 oz,01400513,2.0,,2.0,1.7777777777777777,,False
2026-09-03,Cereal,Kroger,Kroger On the Rhine,"Cincinnati, OH",1.7777777777777777,pound,Kroger Bite Size Frosted Shredded Wheat Cereal,0001111086705,18 oz,01400513,2.0,,2.0,1.7777777777777777,,False
2026-09-04,Cereal,Kroger,Kroger On the Rhine,"Cincinnati, OH",1.7777777777777777,pound,Kroger Bite Size Frosted Shredded Wheat Cereal,0001111086705,18 oz,01400513,2.0,,2.0,1.7777777777777777,,False
2026-09-05,Cereal,Kroger,Kroger On the Rhine,"Cincinnati, OH",1.7777777777777777,pound,Kroger Bite Size Frosted Shredded Wheat Cereal,0001111086705,18 oz,01400513,2.0,,2.0,1.7777777777777777,,False
2026-09-06,Cereal,Kroger,Kroger On the Rhine,"Cincinnati, OH",1.7777777777777777,pound,Kroger Bite Size Frosted Shredded Wheat Cereal,0001111086705,18 oz,01400513,2.0,,2.0,1.7777777777777777,,False
2026-09-07,Cereal,Kroger,Kroger On the Rhine,"Cincinnati, OH",1.7777777777777777,pound,Kroger Bite Size Frosted Shredded Wheat Cereal,0001111086705,18 oz,01400513,2.0,,2.0,1.7777777777777777,,False
2026-09-08,Cereal,Kroger,Kroger On the Rhine,"Cincinnati, OH",1.7777777777777777,pound,Kroger Bite Size Frosted Shredded Wheat Cereal,0001111086705,18 oz,01400513,2.0,,2.0,1.7777777777777777,,False
2026-09-09,Cereal,Kroger,Kroger On the Rhine,"Cincinnati, OH",1.7777777777777777,pound,Kroger Bite Size Frosted Shredded Wheat Cereal,0001111086705,18 oz,01400513,2.0,,2.0,1.7777777777777777,,False
2026-09-10,Cereal,Kroger,Kroger On the Rhine,"Cincinnati, OH",1.7777777777777777,pound,Kroger Bite Size Frosted Shredded Wheat Cereal,0001111086705,18 oz,01400513,2.0,,2.0,1.7777777777777777,,False
2026-09-11,Cereal,Kroger,Kroger On the Rhine,"Cincinnati, OH",1.7777777777777777,pound,Kroger Bite Size Frosted Shredded Wheat Cereal,0001111086705,18 oz,01400513,2.0,,2.0,1.7777777777777777,,False
2026-09-12,Cereal,Kroger,Kroger On the Rhine,"Cincinnati, OH",1.7777777777777777,pound,Kroger Bite Size Frosted Shredded Wheat Cereal,0001111086705,18 oz,01400513,2.0,,2.0,1.7777777777777777,,False
2026-09-13,Cereal,Kroger,Kroger On the Rhine,"Cincinnati, OH",1.7777777777777777,pound,Kroger Bite Size Frosted Shredded Wheat Cereal,0001111086705,18 oz,01400513,2.0,,2.0,1.7777777777777777,,False
2026-09-14,Cereal,Kroger,Kroger On the Rhine,"Cincinnati, OH",1.7777777777777777,pound,Kroger Bite Size Frosted Shredded Wheat Cereal,0001111086705,18 oz,01400513,2.0,,2.0,1.7777777777777777,,False
2017-01-01,Cheddar Cheese,BLS,U.S. City Average,U.S. City Average,4.933,pound,"Cheddar cheese, natural",APU0000710212,,,,,,,,False
2017-02-01,Cheddar Cheese,BLS,U.S. City Average,U.S. City Average,4.967,pound,"Cheddar cheese, natural",APU0000710212,,,,,,,,False
2017-03-01,Cheddar Cheese,BLS,U.S. City Average,U.S. City Average,4.799,pound,"Cheddar cheese, natural",APU0000710212,,,,,,,,False
2017-04-01,Cheddar Cheese,BLS,U.S. City Average,U.S. City Average,4.794,pound,"Cheddar cheese, natural",APU0000710212,,,,,,,,False
2017-05-01,Cheddar Cheese,BLS,U.S. City Average,U.S. City Average,4.748,pound,"Cheddar cheese, natural",APU0000710212,,,,,,,,False
2017-06-01,Cheddar Cheese,BLS,U.S. City Average,U.S. City Average,4.797,pound,"Cheddar cheese, natural",APU0000710212,,,,,,,,False
2017-07-01,Cheddar Cheese,BLS,U.S. City Average,U.S. City Average,4.851,pound,"Cheddar cheese, natural",APU0000710212,,,,,,,,False
2017-08-01,Cheddar Cheese,BLS,U.S. City Average,U.S. City Average,4.862,pound,"Cheddar cheese, natural",APU0000710212,,,,,,,,False
2017-09-01,Cheddar Cheese,BLS,U.S. City Average,U.S. City Average,5.01,pound,"Cheddar cheese, natural",APU0000710212,,,,,,,,False
2017-10-01,Cheddar Cheese,BLS,U.S. City Average,U.S. City Average,5.028,pound,"Cheddar cheese, natural",APU0000710212,,,,,,,,False
2017-11-01,Cheddar Cheese,BLS,U.S. City Average,U.S. City Average,5.006,pound,"Cheddar cheese, natural",APU0000710212,,,,,,,,False
2017-12-01,Cheddar Cheese,BLS,U.S. City Average,U.S. City Average,4.95,pound,"Cheddar cheese, natural",APU0000710212,,,,,,,,False
2018-01-01,Cheddar Cheese,BLS,U.S. City Average,U.S. City Average,5.021,pound,"Cheddar cheese, natural",APU0000710212,,,,,,,,False
2018-02-01,Cheddar Cheese,BLS,U.S. City Average,U.S. City Average,5.082,pound,"Cheddar cheese, natural",APU0000710212,,,,,,,,False
2018-03-01,Cheddar Cheese,BLS,U.S. City Average,U.S. City Average,5.064,pound,"Cheddar cheese, natural",APU0000710212,,,,,,,,False
2018-04-01,Cheddar Cheese,BLS,U.S. City Average,U.S. City Average,5.03,pound,"Cheddar cheese, natural",APU0000710212,,,,,,,,False
2018-05-01,Cheddar Cheese,BLS,U.S. City Average,U.S. City Average,5.131,pound,"Cheddar cheese, natural",APU0000710212,,,,,,,,False
2018-06-01,Cheddar Cheese,BLS,U.S. City Average,U.S. City Average,5.234,pound,"Cheddar cheese, natural",APU0000710212,,,,,,,,False
2018-07-01,Cheddar Cheese,BLS,U.S. City Average,U.S. City Average,5.065,pound,"Cheddar cheese, natural",APU0000710212,,,,,,,,False
2018-08-01,Cheddar Cheese,BLS,U.S. City Average,U.S. City Average,5.118,pound,"Cheddar cheese, natural",APU0000710212,,,,,,,,False
2018-09-01,Cheddar Cheese,BLS,U.S. City Average,U.S. City Average,5.128,pound,"Cheddar cheese, natural",APU0000710212,,,,,,,,False
2018-10-01,Cheddar Cheese,BLS,U.S. City Average,U.S. City Average,5.158,pound,"Cheddar cheese, natural",APU0000710212,,,,,,,,False
2018-11-01,Cheddar Cheese,BLS,U.S. City Average,U.S. City Average,5.229,pound,"Cheddar cheese, natural",APU0000710212,,,,,,,,False
2018-12-01,Cheddar Cheese,BLS,U.S. City Average,U.S. City Average,5.36,pound,"Cheddar cheese, natural",APU0000710212,,,,,,,,False
2019-01-01,Cheddar Cheese,BLS,U.S. City Average,U.S. City Average,5.372,pound,"Cheddar cheese, natural",APU0000710212,,,,,,,,False
2019-02-01,Cheddar Cheese,BLS,U.S. City Average,U.S. City Average,5.247,pound,"Cheddar cheese, natural",APU0000710212,,,,,,,,False
2019-03-01,Cheddar Cheese,BLS,U.S. City Average,U.S. City Average,5.193,pound,"Cheddar cheese, natural",APU0000710212,,,,,,,,False
2019-04-01,Cheddar Cheese,BLS,U.S. City Average,U.S. City Average,5.29,pound,"Cheddar cheese, natural",APU0000710212,,,,,,,,False
2019-05-01,Cheddar Cheese,BLS,U.S. City Average,U.S. City Average,5.327,pound,"Cheddar cheese, natural",APU0000710212,,,,,,,,False
2019-06-01,Cheddar Cheese,BLS,U.S. City Average,U.S. City Average,5.254,pound,"Cheddar cheese, natural",APU0000710212,,,,,,,,False
2019-07-01,Cheddar Cheese,BLS,U.S. City Average,U.S. City Average,5.349,pound,"Cheddar cheese, natural",APU0000710212,,,,,,,,False
2019-08-01,Cheddar Cheese,BLS,U.S. City Average,U.S. City Average,5.367,pound,"Cheddar cheese, natural",APU0000710212,,,,,,,,False
2019-09-01,Cheddar Cheese,BLS,U.S. City Average,U.S. City Average,5.406,pound,"Cheddar cheese, natural",APU0000710212,,,,,,,,False
2019-10-01,Cheddar Cheese,BLS,U.S. City Average,U.S. City Average,5.277,pound,"Cheddar cheese, natural",APU0000710212,,,,,,,,False
2019-11-01,Cheddar Cheese,BLS,U.S. City Average,U.S. City Average,5.309,pound,"Cheddar cheese, natural",APU0000710212,,,,,,,,False
2019-12-01,Cheddar Cheese,BLS,U.S. City Average,U.S. City Average,5.302,pound,"Cheddar cheese, natural",APU0000710212,,,,,,,,False
2020-01-01,Cheddar Cheese,BLS,U.S. City Average,U.S. City Average,5.204,pound,"Cheddar cheese, natural",APU0000710212,,,,,,,,False
2020-02-01,Cheddar Cheese,BLS,U.S. City Average,U.S. City Average,5.381,pound,"Cheddar cheese, natural",APU0000710212,,,,,,,,False
2020-03-01,Cheddar Cheese,BLS,U.S. City Average,U.S. City Average,5.329,pound,"Cheddar cheese, natural",APU0000710212,,,,,,,,False
2020-04-01,Cheddar Cheese,BLS,U.S. City Average,U.S. City Average,5.453,pound,"Cheddar cheese, natural",APU0000710212,,,,,,,,False
2020-05-01,Cheddar Cheese,BLS,U.S. City Average,U.S. City Average,5.558,pound,"Cheddar cheese, natural",APU0000710212,,,,,,,,False
2020-06-01,Cheddar Cheese,BLS,U.S. City Average,U.S. City Average,5.619,pound,"Cheddar cheese, natural",APU0000710212,,,,,,,,False
2020-07-01,Cheddar Cheese,BLS,U.S. City Average,U.S. City Average,5.517,pound,"Cheddar cheese, natural",APU0000710212,,,,,,,,False
2020-08-01,Cheddar Cheese,BLS,U.S. City Average,U.S. City Average,5.572,pound,"Cheddar cheese, natural",APU0000710212,,,,,,,,False
2020-09-01,Cheddar Cheese,BLS,U.S. City Average,U.S. City Average,5.611,pound,"Cheddar cheese, natural",APU0000710212,,,,,,,,False
2020-10-01,Cheddar Cheese,BLS,U.S. City Average,U.S. City Average,5.583,pound,"Cheddar cheese, natural",APU0000710212,,,,,,,,False
2020-11-01,Cheddar Cheese,BLS,U.S. City Average,U.S. City Average,5.589,pound,"Cheddar cheese, natural",APU0000710212,,,,,,,,False
2020-12-01,Cheddar Cheese,BLS,U.S. City Average,U.S. City Average,5.54,pound,"Cheddar cheese, natural",APU0000710212,,,,,,,,False
2021-01-01,Cheddar Cheese,BLS,U.S. City Average,U.S. City Average,5.656,pound,"Cheddar cheese, natural",APU0000710212,,,,,,,,False
2021-02-01,Cheddar Cheese,BLS,U.S. City Average,U.S. City Average,5.6,pound,"Cheddar cheese, natural",APU0000710212,,,,,,,,False
2021-03-01,Cheddar Cheese,BLS,U.S. City Average,U.S. City Average,5.682,pound,"Cheddar cheese, natural",APU0000710212,,,,,,,,False
2021-04-01,Cheddar Cheese,BLS,U.S. City Average,U.S. City Average,5.441,pound,"Cheddar cheese, natural",APU0000710212,,,,,,,,False
2021-05-01,Cheddar Cheese,BLS,U.S. City Average,U.S. City Average,5.421,pound,"Cheddar cheese, natural",APU0000710212,,,,,,,,False
2021-06-01,Cheddar Cheese,BLS,U.S. City Average,U.S. City Average,5.386,pound,"Cheddar cheese, natural",APU0000710212,,,,,,,,False
2021-07-01,Cheddar Cheese,BLS,U.S. City Average,U.S. City Average,5.392,pound,"Cheddar cheese, natural",APU0000710212,,,,,,,,False
2021-08-01,Cheddar Cheese,BLS,U.S. City Average,U.S. City Average,5.336,pound,"Cheddar cheese, natural",APU0000710212,,,,,,,,False
2021-09-01,Cheddar Cheese,BLS,U.S. City Average,U.S. City Average,5.387,pound,"Cheddar cheese, natural",APU0000710212,,,,,,,,False
2021-10-01,Cheddar Cheese,BLS,U.S. City Average,U.S. City Average,5.396,pound,"Cheddar cheese, natural",APU0000710212,,,,,,,,False
2021-11-01,Cheddar Cheese,BLS,U.S. City Average,U.S. City Average,5.326,pound,"Cheddar cheese, natural",APU0000710212,,,,,,,,False
2021-12-01,Cheddar Cheese,BLS,U.S. City Average,U.S. City Average,5.257,pound,"Cheddar cheese, natural",APU0000710212,,,,,,,,False
2022-01-01,Cheddar Cheese,BLS,U.S. City Average,U.S. City Average,5.315,pound,"Cheddar cheese, natural",APU0000710212,,,,,,,,False
2022-02-01,Cheddar Cheese,BLS,U.S. City Average,U.S. City Average,5.447,pound,"Cheddar cheese, natural",APU0000710212,,,,,,,,False
2022-03-01,Cheddar Cheese,BLS,U.S. City Average,U.S. City Average,5.486,pound,"Cheddar cheese, natural",APU0000710212,,,,,,,,False
2022-04-01,Cheddar Cheese,BLS,U.S. City Average,U.S. City Average,5.656,pound,"Cheddar cheese, natural",APU0000710212,,,,,,,,False
2022-05-01,Cheddar Cheese,BLS,U.S. City Average,U.S. City Average,5.645,pound,"Cheddar cheese, natural",APU0000710212,,,,,,,,False
2022-06-01,Cheddar Cheese,BLS,U.S. City Average,U.S. City Average,5.777,pound,"Cheddar cheese, natural",APU0000710212,,,,,,,,False
2022-07-01,Cheddar Cheese,BLS,U.S. City Average,U.S. City Average,5.855,pound,"Cheddar cheese, natural",APU0000710212,,,,,,,,False
2022-08-01,Cheddar Cheese,BLS,U.S. City Average,U.S. City Average,5.995,pound,"Cheddar cheese, natural",APU0000710212,,,,,,,,False
2022-09-01,Cheddar Cheese,BLS,U.S. City Average,U.S. City Average,6.084,pound,"Cheddar cheese, natural",APU0000710212,,,,,,,,False
2022-10-01,Cheddar Cheese,BLS,U.S. City Average,U.S. City Average,5.96,pound,"Cheddar cheese, natural",APU0000710212,,,,,,,,False
2022-11-01,Cheddar Cheese,BLS,U.S. City Average,U.S. City Average,5.933,pound,"Cheddar cheese, natural",APU0000710212,,,,,,,,False
2022-12-01,Cheddar Cheese,BLS,U.S. City Average,U.S. City Average,5.995,pound,"Cheddar cheese, natural",APU0000710212,,,,,,,,False
2023-01-01,Cheddar Cheese,BLS,U.S. City Average,U.S. City Average,5.946,pound,"Cheddar cheese, natural",APU0000710212,,,,,,,,False
2023-02-01,Cheddar Cheese,BLS,U.S. City Average,U.S. City Average,5.85,pound,"Cheddar cheese, natural",APU0000710212,,,,,,,,False
2023-03-01,Cheddar Cheese,BLS,U.S. City Average,U.S. City Average,5.922,pound,"Cheddar cheese, natural",APU0000710212,,,,,,,,False
2023-04-01,Cheddar Cheese,BLS,U.S. City Average,U.S. City Average,5.94,pound,"Cheddar cheese, natural",APU0000710212,,,,,,,,False
2023-05-01,Cheddar Cheese,BLS,U.S. City Average,U.S. City Average,5.841,pound,"Cheddar cheese, natural",APU0000710212,,,,,,,,False
2023-06-01,Cheddar Cheese,BLS,U.S. City Average,U.S. City Average,5.681,pound,"Cheddar cheese, natural",APU0000710212,,,,,,,,False
2023-07-01,Cheddar Cheese,BLS,U.S. City Average,U.S. City Average,5.911,pound,"Cheddar cheese, natural",APU0000710212,,,,,,,,False
2023-08-01,Cheddar Cheese,BLS,U.S. City Average,U.S. City Average,5.897,pound,"Cheddar cheese, natural",APU0000710212,,,,,,,,False
2023-09-01,Cheddar Cheese,BLS,U.S. City Average,U.S. City Average,5.846,pound,"Cheddar cheese, natural",APU0000710212,,,,,,,,False
2023-10-01,Cheddar Cheese,BLS,U.S. City Average,U.S. City Average,5.846,pound,"Cheddar cheese, natural",APU0000710212,,,,,,,,False
2023-11-01,Cheddar Cheese,BLS,U.S. City Average,U.S. City Average,5.65,pound,"Cheddar cheese, natural",APU0000710212,,,,,,,,False
2023-12-01,Cheddar Cheese,BLS,U.S. City Average,U.S. City Average,5.545,pound,"Cheddar cheese, natural",APU0000710212,,,,,,,,False
2024-01-01,Cheddar Cheese,BLS,U.S. City Average,U.S. City Average,5.724,pound,"Cheddar cheese, natural",APU0000710212,,,,,,,,False
2024-02-01,Cheddar Cheese,BLS,U.S. City Average,U.S. City Average,5.726,pound,"Cheddar cheese, natural",APU0000710212,,,,,,,,False
2024-03-01,Cheddar Cheese,BLS,U.S. City Average,U.S. City Average,5.689,pound,"Cheddar cheese, natural",APU0000710212,,,,,,,,False
2024-04-01,Cheddar Cheese,BLS,U.S. City Average,U.S. City Average,5.51,pound,"Cheddar cheese, natural",APU0000710212,,,,,,,,False
2024-05-01,Cheddar Cheese,BLS,U.S. City Average,U.S. City Average,5.551,pound,"Cheddar cheese, natural",APU0000710212,,,,,,,,False
2024-06-01,Cheddar Cheese,BLS,U.S. City Average,U.S. City Average,5.537,pound,"Cheddar cheese, natural",APU0000710212,,,,,,,,False
2024-07-01,Cheddar Cheese,BLS,U.S. City Average,U.S. City Average,5.599,pound,"Cheddar cheese, natural",APU0000710212,,,,,,,,False
2024-08-01,Cheddar Cheese,BLS,U.S. City Average,U.S. City Average,5.763,pound,"Cheddar cheese, natural",APU0000710212,,,,,,,,False
2024-09-01,Cheddar Cheese,BLS,U.S. City Average,U.S. City Average,5.731,pound,"Cheddar cheese, natural",APU0000710212,,,,,,,,False
2024-10-01,Cheddar Cheese,BLS,U.S. City Average,U.S. City Average,5.844,pound,"Cheddar cheese, natural",APU0000710212,,,,,,,,False
2024-11-01,Cheddar Cheese,BLS,U.S. City Average,U.S. City Average,5.676,pound,"Cheddar cheese, natural",APU0000710212,,,,,,,,False
2024-12-01,Cheddar Cheese,BLS,U.S. City Average,U.S. City Average,5.621,pound,"Cheddar cheese, natural",APU0000710212,,,,,,,,False
2025-01-01,Cheddar Cheese,BLS,U.S. City Average,U.S. City Average,5.698,pound,"Cheddar cheese, natural",APU0000710212,,,,,,,,False
2025-02-01,Cheddar Cheese,BLS,U.S. City Average,U.S. City Average,5.536,pound,"Cheddar cheese, natural",APU0000710212,,,,,,,,False
2025-03-01,Cheddar Cheese,BLS,U.S. City Average,U.S. City Average,5.737,pound,"Cheddar cheese, natural",APU0000710212,,,,,,,,False
2025-04-01,Cheddar Cheese,BLS,U.S. City Average,U.S. City Average,5.743,pound,"Cheddar cheese, natural",APU0000710212,,,,,,,,False
2025-05-01,Cheddar Cheese,BLS,U.S. City Average,U.S. City Average,5.908,pound,"Cheddar cheese, natural",APU0000710212,,,,,,,,False
2025-06-01,Cheddar Cheese,BLS,U.S. City Average,U.S. City Average,5.999,pound,"Cheddar cheese, natural",APU0000710212,,,,,,,,False
2025-07-01,Cheddar Cheese,BLS,U.S. City Average,U.S. City Average,6.041,pound,"Cheddar cheese, natural",APU0000710212,,,,,,,,False
2025-08-01,Cheddar Cheese,BLS,U.S. City Average,U.S. City Average,6.123,pound,"Cheddar cheese, natural",APU0000710212,,,,,,,,False
2025-09-01,Cheddar Cheese,BLS,U.S. City Average,U.S. City Average,6.049,pound,"Cheddar cheese, natural",APU0000710212,,,,,,,,False
2025-11-01,Cheddar Cheese,BLS,U.S. City Average,U.S. City Average,5.636,pound,"Cheddar cheese, natural",APU0000710212,,,,,,,,False
2025-12-01,Cheddar Cheese,BLS,U.S. City Average,U.S. City Average,5.789,pound,"Cheddar cheese, natural",APU0000710212,,,,,,,,False
2026-01-01,Cheddar Cheese,BLS,U.S. City Average,U.S. City Average,5.982,pound,"Cheddar cheese, natural",APU0000710212,,,,,,,,False
2026-02-01,Cheddar Cheese,BLS,U.S. City Average,U.S. City Average,5.987,pound,"Cheddar cheese, natural",APU0000710212,,,,,,,,False
2026-03-01,Cheddar Cheese,BLS,U.S. City Average,U.S. City Average,5.97,pound,"Cheddar cheese, natural",APU0000710212,,,,,,,,False
2026-04-01,Cheddar Cheese,BLS,U.S. City Average,U.S. City Average,6.029,pound,"Cheddar cheese, natural",APU0000710212,,,,,,,,False
2026-05-01,Cheddar Cheese,BLS,U.S. City Average,U.S. City Average,5.685,pound,"Cheddar cheese, natural",APU0000710212,,,,,,,,False
2026-06-01,Cheddar Cheese,BLS,U.S. City Average,U.S. City Average,5.96,pound,"Cheddar cheese, natural",APU0000710212,,,,,,,,False
2026-07-01,Cheddar Cheese,BLS,U.S. City Average,U.S. City Average,5.741,pound,"Cheddar cheese, natural",APU0000710212,,,,,,,,False
2026-08-25,Cheddar Cheese,Kroger,Kroger On the Rhine,"Cincinnati, OH",4.0,pound,Kroger Medium Cheddar Block Cheese,0001111058626,8 oz,01400513,2.0,,2.0,4.0,,False
2026-08-26,Cheddar Cheese,Kroger,Kroger On the Rhine,"Cincinnati, OH",4.0,pound,Kroger Medium Cheddar Block Cheese,0001111058626,8 oz,01400513,2.0,,2.0,4.0,,False
2026-08-27,Cheddar Cheese,Kroger,Kroger On the Rhine,"Cincinnati, OH",4.0,pound,Kroger Medium Cheddar Block Cheese,0001111058626,8 oz,01400513,2.0,,2.0,4.0,,False
2026-08-28,Cheddar Cheese,Kroger,Kroger On the Rhine,"Cincinnati, OH",4.0,pound,Kroger Medium Cheddar Block Cheese,0001111058626,8 oz,01400513,2.0,,2.0,4.0,,False
2026-08-29,Cheddar Cheese,Kroger,Kroger On the Rhine,"Cincinnati, OH",4.0,pound,Kroger Medium Cheddar Block Cheese,0001111058626,8 oz,01400513,2.0,,2.0,4.0,,False
2026-08-30,Cheddar Cheese,Kroger,Kroger On the Rhine,"Cincinnati, OH",4.0,pound,Kroger Medium Cheddar Block Cheese,0001111058626,8 oz,01400513,2.0,,2.0,4.0,,False
2026-08-31,Cheddar Cheese,Kroger,Kroger On the Rhine,"Cincinnati, OH",4.0,pound,Kroger Medium Cheddar Block Cheese,0001111058626,8 oz,01400513,2.0,,2.0,4.0,,False
2026-09-01,Cheddar Cheese,Kroger,Kroger On the Rhine,"Cincinnati, OH",4.0,pound,Kroger Medium Cheddar Block Cheese,0001111058626,8 oz,01400513,2.0,,2.0,4.0,,False
2026-09-02,Cheddar Cheese,Kroger,Kroger On the Rhine,"Cincinnati, OH",4.0,pound,Kroger Medium Cheddar Block Cheese,0001111058626,8 oz,01400513,2.0,,2.0,4.0,,False
2026-09-03,Cheddar Cheese,Kroger,Kroger On the Rhine,"Cincinnati, OH",4.0,pound,Kroger Medium Cheddar Block Cheese,0001111058626,8 oz,01400513,2.0,,2.0,4.0,,False
2026-09-04,Cheddar Cheese,Kroger,Kroger On the Rhine,"Cincinnati, OH",4.0,pound,Kroger Medium Cheddar Block Cheese,0001111058626,8 oz,01400513,2.0,,2.0,4.0,,False
2026-09-05,Cheddar Cheese,Kroger,Kroger On the Rhine,"Cincinnati, OH",4.0,pound,Kroger Medium Cheddar Block Cheese,0001111058626,8 oz,01400513,2.0,,2.0,4.0,,False
2026-09-06,Cheddar Cheese,Kroger,Kroger On the Rhine,"Cincinnati, OH",4.0,pound,Kroger Medium Cheddar Block Cheese,0001111058626,8 oz,01400513,2.0,,2.0,4.0,,False
2026-09-07,Cheddar Cheese,Kroger,Kroger On the Rhine,"Cincinnati, OH",4.0,pound,Kroger Medium Cheddar Block Cheese,0001111058626,8 oz,01400513,2.0,,2.0,4.0,,False
2026-09-08,Cheddar Cheese,Kroger,Kroger On the Rhine,"Cincinnati, OH",4.0,pound,Kroger Medium Cheddar Block Cheese,0001111058626,8 oz,01400513,2.0,,2.0,4.0,,False
2026-09-09,Cheddar Cheese,Kroger,Kroger On the Rhine,"Cincinnati, OH",4.0,pound,Kroger Medium Cheddar Block Cheese,0001111058626,8 oz,01400513,2.0,,2.0,4.0,,False
2026-09-10,Cheddar Cheese,Kroger,Kroger On the Rhine,"Cincinnati, OH",4.0,pound,Kroger Medium Cheddar Block Cheese,0001111058626,8 oz,01400513,2.0,,2.0,4.0,,False
2026-09-11,Cheddar Cheese,Kroger,Kroger On the Rhine,"Cincinnati, OH",4.0,pound,Kroger Medium Cheddar Block Cheese,0001111058626,8 oz,01400513,2.0,,2.0,4.0,,False
2026-09-12,Cheddar Cheese,Kroger,Kroger On the Rhine,"Cincinnati, OH",4.0,pound,Kroger Medium Cheddar Block Cheese,0001111058626,8 oz,01400513,2.0,,2.0,4.0,,False
2026-09-13,Cheddar Cheese,Kroger,Kroger On the Rhine,"Cincinnati, OH",4.0,pound,Kroger Medium Cheddar Block Cheese,0001111058626,8 oz,01400513,2.0,,2.0,4.0,,False
2026-09-14,Cheddar Cheese,Kroger,Kroger On the Rhine,"Cincinnati, OH",4.0,pound,Kroger Medium Cheddar Block Cheese,0001111058626,8 oz,01400513,2.0,,2.0,4.0,,False
2017-01-01,Chicken Breast,BLS,U.S. City Average,U.S. City Average,3.218,pound,"Chicken breast, boneless",APU0000FF1101,,,,,,,,False
2017-02-01,Chicken Breast,BLS,U.S. City Average,U.S. City Average,3.195,pound,"Chicken breast, boneless",APU0000FF1101,,,,,,,,False
2017-03-01,Chicken Breast,BLS,U.S. City Average,U.S. City Average,3.291,pound,"Chicken breast, boneless",APU0000FF1101,,,,,,,,False
2017-04-01,Chicken Breast,BLS,U.S. City Average,U.S. City Average,3.289,pound,"Chicken breast, boneless",APU0000FF1101,,,,,,,,False
2017-05-01,Chicken Breast,BLS,U.S. City Average,U.S. City Average,3.208,pound,"Chicken breast, boneless",APU0000FF1101,,,,,,,,False
2017-06-01,Chicken Breast,BLS,U.S. City Average,U.S. City Average,3.215,pound,"Chicken breast, boneless",APU0000FF1101,,,,,,,,False
2017-07-01,Chicken Breast,BLS,U.S. City Average,U.S. City Average,3.189,pound,"Chicken breast, boneless",APU0000FF1101,,,,,,,,False
2017-08-01,Chicken Breast,BLS,U.S. City Average,U.S. City Average,3.194,pound,"Chicken breast, boneless",APU0000FF1101,,,,,,,,False
2017-09-01,Chicken Breast,BLS,U.S. City Average,U.S. City Average,3.185,pound,"Chicken breast, boneless",APU0000FF1101,,,,,,,,False
2017-10-01,Chicken Breast,BLS,U.S. City Average,U.S. City Average,3.141,pound,"Chicken breast, boneless",APU0000FF1101,,,,,,,,False
2017-11-01,Chicken Breast,BLS,U.S. City Average,U.S. City Average,3.13,pound,"Chicken breast, boneless",APU0000FF1101,,,,,,,,False
2017-12-01,Chicken Breast,BLS,U.S. City Average,U.S. City Average,3.192,pound,"Chicken breast, boneless",APU0000FF1101,,,,,,,,False
2018-01-01,Chicken Breast,BLS,U.S. City Average,U.S. City Average,3.073,pound,"Chicken breast, boneless",APU0000FF1101,,,,,,,,False
2018-02-01,Chicken Breast,BLS,U.S. City Average,U.S. City Average,3.119,pound,"Chicken breast, boneless",APU0000FF1101,,,,,,,,False
2018-03-01,Chicken Breast,BLS,U.S. City Average,U.S. City Average,3.142,pound,"Chicken breast, boneless",APU0000FF1101,,,,,,,,False
2018-04-01,Chicken Breast,BLS,U.S. City Average,U.S. City Average,3.238,pound,"Chicken breast, boneless",APU0000FF1101,,,,,,,,False
2018-05-01,Chicken Breast,BLS,U.S. City Average,U.S. City Average,3.076,pound,"Chicken breast, boneless",APU0000FF1101,,,,,,,,False
2018-06-01,Chicken Breast,BLS,U.S. City Average,U.S. City Average,3.094,pound,"Chicken breast, boneless",APU0000FF1101,,,,,,,,False
2018-07-01,Chicken Breast,BLS,U.S. City Average,U.S. City Average,3.116,pound,"Chicken breast, boneless",APU0000FF1101,,,,,,,,False
2018-08-01,Chicken Breast,BLS,U.S. City Average,U.S. City Average,2.939,pound,"Chicken breast, boneless",APU0000FF1101,,,,,,,,False
2018-09-01,Chicken Breast,BLS,U.S. City Average,U.S. City Average,2.896,pound,"Chicken breast, boneless",APU0000FF1101,,,,,,,,False
2018-10-01,Chicken Breast,BLS,U.S. City Average,U.S. City Average,3.047,pound,"Chicken breast, boneless",APU0000FF1101,,,,,,,,False
2018-11-01,Chicken Breast,BLS,U.S. City Average,U.S. City Average,3.052,pound,"Chicken breast, boneless",APU0000FF1101,,,,,,,,False
2018-12-01,Chicken Breast,BLS,U.S. City Average,U.S. City Average,3.112,pound,"Chicken breast, boneless",APU0000FF1101,,,,,,,,False
2019-01-01,Chicken Breast,BLS,U.S. City Average,U.S. City Average,3.063,pound,"Chicken breast, boneless",APU0000FF1101,,,,,,,,False
2019-02-01,Chicken Breast,BLS,U.S. City Average,U.S. City Average,3.062,pound,"Chicken breast, boneless",APU0000FF1101,,,,,,,,False
2019-03-01,Chicken Breast,BLS,U.S. City Average,U.S. City Average,3.048,pound,"Chicken breast, boneless",APU0000FF1101,,,,,,,,False
2019-04-01,Chicken Breast,BLS,U.S. City Average,U.S. City Average,3.014,pound,"Chicken breast, boneless",APU0000FF1101,,,,,,,,False
2019-05-01,Chicken Breast,BLS,U.S. City Average,U.S. City Average,3.092,pound,"Chicken breast, boneless",APU0000FF1101,,,,,,,,False
2019-06-01,Chicken Breast,BLS,U.S. City Average,U.S. City Average,3.051,pound,"Chicken breast, boneless",APU0000FF1101,,,,,,,,False
2019-07-01,Chicken Breast,BLS,U.S. City Average,U.S. City Average,2.975,pound,"Chicken breast, boneless",APU0000FF1101,,,,,,,,False
2019-08-01,Chicken Breast,BLS,U.S. City Average,U.S. City Average,2.96,pound,"Chicken breast, boneless",APU0000FF1101,,,,,,,,False
2019-09-01,Chicken Breast,BLS,U.S. City Average,U.S. City Average,2.93,pound,"Chicken breast, boneless",APU0000FF1101,,,,,,,,False
2019-10-01,Chicken Breast,BLS,U.S. City Average,U.S. City Average,2.948,pound,"Chicken breast, boneless",APU0000FF1101,,,,,,,,False
2019-11-01,Chicken Breast,BLS,U.S. City Average,U.S. City Average,2.94,pound,"Chicken breast, boneless",APU0000FF1101,,,,,,,,False
2019-12-01,Chicken Breast,BLS,U.S. City Average,U.S. City Average,3.113,pound,"Chicken breast, boneless",APU0000FF1101,,,,,,,,False
2020-01-01,Chicken Breast,BLS,U.S. City Average,U.S. City Average,3.059,pound,"Chicken breast, boneless",APU0000FF1101,,,,,,,,False
2020-02-01,Chicken Breast,BLS,U.S. City Average,U.S. City Average,3.013,pound,"Chicken breast, boneless",APU0000FF1101,,,,,,,,False
2020-03-01,Chicken Breast,BLS,U.S. City Average,U.S. City Average,2.956,pound,"Chicken breast, boneless",APU0000FF1101,,,,,,,,False
2020-04-01,Chicken Breast,BLS,U.S. City Average,U.S. City Average,3.158,pound,"Chicken breast, boneless",APU0000FF1101,,,,,,,,False
2020-05-01,Chicken Breast,BLS,U.S. City Average,U.S. City Average,3.348,pound,"Chicken breast, boneless",APU0000FF1101,,,,,,,,False
2020-06-01,Chicken Breast,BLS,U.S. City Average,U.S. City Average,3.349,pound,"Chicken breast, boneless",APU0000FF1101,,,,,,,,False
2020-07-01,Chicken Breast,BLS,U.S. City Average,U.S. City Average,3.221,pound,"Chicken breast, boneless",APU0000FF1101,,,,,,,,False
2020-08-01,Chicken Breast,BLS,U.S. City Average,U.S. City Average,3.276,pound,"Chicken breast, boneless",APU0000FF1101,,,,,,,,False
2020-09-01,Chicken Breast,BLS,U.S. City Average,U.S. City Average,3.302,pound,"Chicken breast, boneless",APU0000FF1101,,,,,,,,False
2020-10-01,Chicken Breast,BLS,U.S. City Average,U.S. City Average,3.29,pound,"Chicken breast, boneless",APU0000FF1101,,,,,,,,False
2020-11-01,Chicken Breast,BLS,U.S. City Average,U.S. City Average,3.412,pound,"Chicken breast, boneless",APU0000FF1101,,,,,,,,False
2020-12-01,Chicken Breast,BLS,U.S. City Average,U.S. City Average,3.293,pound,"Chicken breast, boneless",APU0000FF1101,,,,,,,,False
2021-01-01,Chicken Breast,BLS,U.S. City Average,U.S. City Average,3.26,pound,"Chicken breast, boneless",APU0000FF1101,,,,,,,,False
2021-02-01,Chicken Breast,BLS,U.S. City Average,U.S. City Average,3.239,pound,"Chicken breast, boneless",APU0000FF1101,,,,,,,,False
2021-03-01,Chicken Breast,BLS,U.S. City Average,U.S. City Average,3.291,pound,"Chicken breast, boneless",APU0000FF1101,,,,,,,,False
2021-04-01,Chicken Breast,BLS,U.S. City Average,U.S. City Average,3.406,pound,"Chicken breast, boneless",APU0000FF1101,,,,,,,,False
2021-05-01,Chicken Breast,BLS,U.S. City Average,U.S. City Average,3.371,pound,"Chicken breast, boneless",APU0000FF1101,,,,,,,,False
2021-06-01,Chicken Breast,BLS,U.S. City Average,U.S. City Average,3.353,pound,"Chicken breast, boneless",APU0000FF1101,,,,,,,,False
2021-07-01,Chicken Breast,BLS,U.S. City Average,U.S. City Average,3.5,pound,"Chicken breast, boneless",APU0000FF1101,,,,,,,,False
2021-08-01,Chicken Breast,BLS,U.S. City Average,U.S. City Average,3.536,pound,"Chicken breast, boneless",APU0000FF1101,,,,,,,,False
2021-09-01,Chicken Breast,BLS,U.S. City Average,U.S. City Average,3.517,pound,"Chicken breast, boneless",APU0000FF1101,,,,,,,,False
2021-10-01,Chicken Breast,BLS,U.S. City Average,U.S. City Average,3.589,pound,"Chicken breast, boneless",APU0000FF1101,,,,,,,,False
2021-11-01,Chicken Breast,BLS,U.S. City Average,U.S. City Average,3.618,pound,"Chicken breast, boneless",APU0000FF1101,,,,,,,,False
2021-12-01,Chicken Breast,BLS,U.S. City Average,U.S. City Average,3.725,pound,"Chicken breast, boneless",APU0000FF1101,,,,,,,,False
2022-01-01,Chicken Breast,BLS,U.S. City Average,U.S. City Average,3.726,pound,"Chicken breast, boneless",APU0000FF1101,,,,,,,,False
2022-02-01,Chicken Breast,BLS,U.S. City Average,U.S. City Average,3.815,pound,"Chicken breast, boneless",APU0000FF1101,,,,,,,,False
2022-03-01,Chicken Breast,BLS,U.S. City Average,U.S. City Average,3.87,pound,"Chicken breast, boneless",APU0000FF1101,,,,,,,,False
2022-04-01,Chicken Breast,BLS,U.S. City Average,U.S. City Average,4.096,pound,"Chicken breast, boneless",APU0000FF1101,,,,,,,,False
2022-05-01,Chicken Breast,BLS,U.S. City Average,U.S. City Average,4.31,pound,"Chicken breast, boneless",APU0000FF1101,,,,,,,,False
2022-06-01,Chicken Breast,BLS,U.S. City Average,U.S. City Average,4.568,pound,"Chicken breast, boneless",APU0000FF1101,,,,,,,,False
2022-07-01,Chicken Breast,BLS,U.S. City Average,U.S. City Average,4.608,pound,"Chicken breast, boneless",APU0000FF1101,,,,,,,,False
2022-08-01,Chicken Breast,BLS,U.S. City Average,U.S. City Average,4.706,pound,"Chicken breast, boneless",APU0000FF1101,,,,,,,,False
2022-09-01,Chicken Breast,BLS,U.S. City Average,U.S. City Average,4.746,pound,"Chicken breast, boneless",APU0000FF1101,,,,,,,,False
2022-10-01,Chicken Breast,BLS,U.S. City Average,U.S. City Average,4.67,pound,"Chicken breast, boneless",APU0000FF1101,,,,,,,,False
2022-11-01,Chicken Breast,BLS,U.S. City Average,U.S. City Average,4.42,pound,"Chicken breast, boneless",APU0000FF1101,,,,,,,,False
2022-12-01,Chicken Breast,BLS,U.S. City Average,U.S. City Average,4.348,pound,"Chicken breast, boneless",APU0000FF1101,,,,,,,,False
2023-01-01,Chicken Breast,BLS,U.S. City Average,U.S. City Average,4.315,pound,"Chicken breast, boneless",APU0000FF1101,,,,,,,,False
2023-02-01,Chicken Breast,BLS,U.S. City Average,U.S. City Average,4.365,pound,"Chicken breast, boneless",APU0000FF1101,,,,,,,,False
2023-03-01,Chicken Breast,BLS,U.S. City Average,U.S. City Average,4.324,pound,"Chicken breast, boneless",APU0000FF1101,,,,,,,,False
2023-04-01,Chicken Breast,BLS,U.S. City Average,U.S. City Average,4.405,pound,"Chicken breast, boneless",APU0000FF1101,,,,,,,,False
2023-05-01,Chicken Breast,BLS,U.S. City Average,U.S. City Average,4.236,pound,"Chicken breast, boneless",APU0000FF1101,,,,,,,,False
2023-06-01,Chicken Breast,BLS,U.S. City Average,U.S. City Average,4.193,pound,"Chicken breast, boneless",APU0000FF1101,,,,,,,,False
2023-07-01,Chicken Breast,BLS,U.S. City Average,U.S. City Average,4.141,pound,"Chicken breast, boneless",APU0000FF1101,,,,,,,,False
2023-08-01,Chicken Breast,BLS,U.S. City Average,U.S. City Average,4.179,pound,"Chicken breast, boneless",APU0000FF1101,,,,,,,,False
2023-09-01,Chicken Breast,BLS,U.S. City Average,U.S. City Average,4.229,pound,"Chicken breast, boneless",APU0000FF1101,,,,,,,,False
2023-10-01,Chicken Breast,BLS,U.S. City Average,U.S. City Average,4.222,pound,"Chicken breast, boneless",APU0000FF1101,,,,,,,,False
2023-11-01,Chicken Breast,BLS,U.S. City Average,U.S. City Average,4.06,pound,"Chicken breast, boneless",APU0000FF1101,,,,,,,,False
2023-12-01,Chicken Breast,BLS,U.S. City Average,U.S. City Average,4.082,pound,"Chicken breast, boneless",APU0000FF1101,,,,,,,,False
2024-01-01,Chicken Breast,BLS,U.S. City Average,U.S. City Average,4.086,pound,"Chicken breast, boneless",APU0000FF1101,,,,,,,,False
2024-02-01,Chicken Breast,BLS,U.S. City Average,U.S. City Average,4.105,pound,"Chicken breast, boneless",APU0000FF1101,,,,,,,,False
2024-03-01,Chicken Breast,BLS,U.S. City Average,U.S. City Average,4.106,pound,"Chicken breast, boneless",APU0000FF1101,,,,,,,,False
2024-04-01,Chicken Breast,BLS,U.S. City Average,U.S. City Average,4.061,pound,"Chicken breast, boneless",APU0000FF1101,,,,,,,,False
2024-05-01,Chicken Breast,BLS,U.S. City Average,U.S. City Average,4.118,pound,"Chicken breast, boneless",APU0000FF1101,,,,,,,,False
2024-06-01,Chicken Breast,BLS,U.S. City Average,U.S. City Average,4.046,pound,"Chicken breast, boneless",APU0000FF1101,,,,,,,,False
2024-07-01,Chicken Breast,BLS,U.S. City Average,U.S. City Average,3.946,pound,"Chicken breast, boneless",APU0000FF1101,,,,,,,,False
2024-08-01,Chicken Breast,BLS,U.S. City Average,U.S. City Average,3.952,pound,"Chicken breast, boneless",APU0000FF1101,,,,,,,,False
2024-09-01,Chicken Breast,BLS,U.S. City Average,U.S. City Average,3.974,pound,"Chicken breast, boneless",APU0000FF1101,,,,,,,,False
2024-10-01,Chicken Breast,BLS,U.S. City Average,U.S. City Average,4.037,pound,"Chicken breast, boneless",APU0000FF1101,,,,,,,,False
2024-11-01,Chicken Breast,BLS,U.S. City Average,U.S. City Average,4.011,pound,"Chicken breast, boneless",APU0000FF1101,,,,,,,,False
2024-12-01,Chicken Breast,BLS,U.S. City Average,U.S. City Average,4.104,pound,"Chicken breast, boneless",APU0000FF1101,,,,,,,,False
2025-01-01,Chicken Breast,BLS,U.S. City Average,U.S. City Average,3.969,pound,"Chicken breast, boneless",APU0000FF1101,,,,,,,,False
2025-02-01,Chicken Breast,BLS,U.S. City Average,U.S. City Average,4.079,pound,"Chicken breast, boneless",APU0000FF1101,,,,,,,,False
2025-03-01,Chicken Breast,BLS,U.S. City Average,U.S. City Average,4.16,pound,"Chicken breast, boneless",APU0000FF1101,,,,,,,,False
2025-04-01,Chicken Breast,BLS,U.S. City Average,U.S. City Average,4.18,pound,"Chicken breast, boneless",APU0000FF1101,,,,,,,,False
2025-05-01,Chicken Breast,BLS,U.S. City Average,U.S. City Average,4.216,pound,"Chicken breast, boneless",APU0000FF1101,,,,,,,,False
2025-06-01,Chicken Breast,BLS,U.S. City Average,U.S. City Average,4.239,pound,"Chicken breast, boneless",APU0000FF1101,,,,,,,,False
2025-07-01,Chicken Breast,BLS,U.S. City Average,U.S. City Average,4.204,pound,"Chicken breast, boneless",APU0000FF1101,,,,,,,,False
2025-08-01,Chicken Breast,BLS,U.S. City Average,U.S. City Average,4.212,pound,"Chicken breast, boneless",APU0000FF1101,,,,,,,,False
2025-09-01,Chicken Breast,BLS,U.S. City Average,U.S. City Average,4.172,pound,"Chicken breast, boneless",APU0000FF1101,,,,,,,,False
2025-11-01,Chicken Breast,BLS,U.S. City Average,U.S. City Average,4.15,pound,"Chicken breast, boneless",APU0000FF1101,,,,,,,,False
2025-12-01,Chicken Breast,BLS,U.S. City Average,U.S. City Average,4.153,pound,"Chicken breast, boneless",APU0000FF1101,,,,,,,,False
2026-01-01,Chicken Breast,BLS,U.S. City Average,U.S. City Average,4.165,pound,"Chicken breast, boneless",APU0000FF1101,,,,,,,,False
2026-02-01,Chicken Breast,BLS,U.S. City Average,U.S. City Average,4.142,pound,"Chicken breast, boneless",APU0000FF1101,,,,,,,,False
2026-03-01,Chicken Breast,BLS,U.S. City Average,U.S. City Average,4.172,pound,"Chicken breast, boneless",APU0000FF1101,,,,,,,,False
2026-04-01,Chicken Breast,BLS,U.S. City Average,U.S. City Average,4.168,pound,"Chicken breast, boneless",APU0000FF1101,,,,,,,,False
2026-05-01,Chicken Breast,BLS,U.S. City Average,U.S. City Average,4.171,pound,"Chicken breast, boneless",APU0000FF1101,,,,,,,,False
2026-06-01,Chicken Breast,BLS,U.S. City Average,U.S. City Average,4.181,pound,"Chicken breast, boneless",APU0000FF1101,,,,,,,,False
2026-07-01,Chicken Breast,BLS,U.S. City Average,U.S. City Average,4.153,pound,"Chicken breast, boneless",APU0000FF1101,,,,,,,,False
2026-08-25,Chicken Breast,Kroger,Kroger On the Rhine,"Cincinnati, OH",1.99,pound,Heritage Farm Boneless Skinless Chicken Breasts,0028334900000,1 lb,01400513,2.59,1.99,1.99,2.59,1.99,True
2026-08-26,Chicken Breast,Kroger,Kroger On the Rhine,"Cincinnati, OH",2.59,pound,Heritage Farm Boneless Skinless Chicken Breasts,0028334900000,1 lb,01400513,2.59,,2.59,2.59,,False
2026-08-27,Chicken Breast,Kroger,Kroger On the Rhine,"Cincinnati, OH",2.59,pound,Heritage Farm Boneless Skinless Chicken Breasts,0028334900000,1 lb,01400513,2.59,,2.59,2.59,,False
2026-08-28,Chicken Breast,Kroger,Kroger On the Rhine,"Cincinnati, OH",2.59,pound,Heritage Farm Boneless Skinless Chicken Breasts,0028334900000,1 lb,01400513,2.59,,2.59,2.59,,False
2026-08-29,Chicken Breast,Kroger,Kroger On the Rhine,"Cincinnati, OH",2.59,pound,Heritage Farm Boneless Skinless Chicken Breasts,0028334900000,1 lb,01400513,2.59,,2.59,2.59,,False
2026-08-30,Chicken Breast,Kroger,Kroger On the Rhine,"Cincinnati, OH",2.59,pound,Heritage Farm Boneless Skinless Chicken Breasts,0028334900000,1 lb,01400513,2.59,,2.59,2.59,,False
2026-08-31,Chicken Breast,Kroger,Kroger On the Rhine,"Cincinnati, OH",2.59,pound,Heritage Farm Boneless Skinless Chicken Breasts,0028334900000,1 lb,01400513,2.59,,2.59,2.59,,False
2026-09-01,Chicken Breast,Kroger,Kroger On the Rhine,"Cincinnati, OH",2.59,pound,Heritage Farm Boneless Skinless Chicken Breasts,0028334900000,1 lb,01400513,2.59,,2.59,2.59,,False
2026-09-02,Chicken Breast,Kroger,Kroger On the Rhine,"Cincinnati, OH",2.59,pound,Heritage Farm Boneless Skinless Chicken Breasts,0028334900000,1 lb,01400513,2.59,,2.59,2.59,,False
2026-09-03,Chicken Breast,Kroger,Kroger On the Rhine,"Cincinnati, OH",2.59,pound,Heritage Farm Boneless Skinless Chicken Breasts,0028334900000,1 lb,01400513,2.59,,2.59,2.59,,False
2026-09-04,Chicken Breast,Kroger,Kroger On the Rhine,"Cincinnati, OH",2.59,pound,Heritage Farm Boneless Skinless Chicken Breasts,0028334900000,1 lb,01400513,2.59,,2.59,2.59,,False
2026-09-05,Chicken Breast,Kroger,Kroger On the Rhine,"Cincinnati, OH",2.59,pound,Heritage Farm Boneless Skinless Chicken Breasts,0028334900000,1 lb,01400513,2.59,,2.59,2.59,,False
2026-09-06,Chicken Breast,Kroger,Kroger On the Rhine,"Cincinnati, OH",2.59,pound,Heritage Farm Boneless Skinless Chicken Breasts,0028334900000,1 lb,01400513,2.59,,2.59,2.59,,False
2026-09-07,Chicken Breast,Kroger,Kroger On the Rhine,"Cincinnati, OH",2.59,pound,Heritage Farm Boneless Skinless Chicken Breasts,0028334900000,1 lb,01400513,2.59,,2.59,2.59,,False
2026-09-08,Chicken Breast,Kroger,Kroger On the Rhine,"Cincinnati, OH",2.59,pound,Heritage Farm Boneless Skinless Chicken Breasts,0028334900000,1 lb,01400513,2.59,,2.59,2.59,,False
2026-09-09,Chicken Breast,Kroger,Kroger On the Rhine,"Cincinnati, OH",2.59,pound,Heritage Farm Boneless Skinless Chicken Breasts,0028334900000,1 lb,01400513,2.59,,2.59,2.59,,False
2026-09-10,Chicken Breast,Kroger,Kroger On the Rhine,"Cincinnati, OH",2.59,pound,Heritage Farm Boneless Skinless Chicken Breasts,0028334900000,1 lb,01400513,2.59,,2.59,2.59,,False
2026-09-11,Chicken Breast,Kroger,Kroger On the Rhine,"Cincinnati, OH",2.59,pound,Heritage Farm Boneless Skinless Chicken Breasts,0028334900000,1 lb,01400513,2.59,,2.59,2.59,,False
2026-09-12,Chicken Breast,Kroger,Kroger On the Rhine,"Cincinnati, OH",2.59,pound,Heritage Farm Boneless Skinless Chicken Breasts,0028334900000,1 lb,01400513,2.59,,2.59,2.59,,False
2026-09-13,Chicken Breast,Kroger,Kroger On the Rhine,"Cincinnati, OH",2.59,pound,Heritage Farm Boneless Skinless Chicken Breasts,0028334900000,1 lb,01400513,2.59,,2.59,2.59,,False
2026-09-14,Chicken Breast,Kroger,Kroger On the Rhine,"Cincinnati, OH",2.59,pound,Heritage Farm Boneless Skinless Chicken Breasts,0028334900000,1 lb,01400513,2.59,,2.59,2.59,,False
2017-01-01,Coffee,BLS,U.S. City Average,U.S. City Average,4.468,pound,"Coffee, 100 percent, ground roast",APU0000717311,,,,,,,,False
2017-02-01,Coffee,BLS,U.S. City Average,U.S. City Average,4.583,pound,"Coffee, 100 percent, ground roast",APU0000717311,,,,,,,,False
2017-03-01,Coffee,BLS,U.S. City Average,U.S. City Average,4.65,pound,"Coffee, 100 percent, ground roast",APU0000717311,,,,,,,,False
2017-04-01,Coffee,BLS,U.S. City Average,U.S. City Average,4.622,pound,"Coffee, 100 percent, ground roast",APU0000717311,,,,,,,,False
2017-05-01,Coffee,BLS,U.S. City Average,U.S. City Average,4.597,pound,"Coffee, 100 percent, ground roast",APU0000717311,,,,,,,,False
2017-06-01,Coffee,BLS,U.S. City Average,U.S. City Average,4.545,pound,"Coffee, 100 percent, ground roast",APU0000717311,,,,,,,,False
2017-07-01,Coffee,BLS,U.S. City Average,U.S. City Average,4.335,pound,"Coffee, 100 percent, ground roast",APU0000717311,,,,,,,,False
2017-08-01,Coffee,BLS,U.S. City Average,U.S. City Average,4.373,pound,"Coffee, 100 percent, ground roast",APU0000717311,,,,,,,,False
2017-09-01,Coffee,BLS,U.S. City Average,U.S. City Average,4.323,pound,"Coffee, 100 percent, ground roast",APU0000717311,,,,,,,,False
2017-10-01,Coffee,BLS,U.S. City Average,U.S. City Average,4.327,pound,"Coffee, 100 percent, ground roast",APU0000717311,,,,,,,,False
2017-11-01,Coffee,BLS,U.S. City Average,U.S. City Average,4.324,pound,"Coffee, 100 percent, ground roast",APU0000717311,,,,,,,,False
2017-12-01,Coffee,BLS,U.S. City Average,U.S. City Average,4.285,pound,"Coffee, 100 percent, ground roast",APU0000717311,,,,,,,,False
2018-01-01,Coffee,BLS,U.S. City Average,U.S. City Average,4.291,pound,"Coffee, 100 percent, ground roast",APU0000717311,,,,,,,,False
2018-02-01,Coffee,BLS,U.S. City Average,U.S. City Average,4.267,pound,"Coffee, 100 percent, ground roast",APU0000717311,,,,,,,,False
2018-03-01,Coffee,BLS,U.S. City Average,U.S. City Average,4.343,pound,"Coffee, 100 percent, ground roast",APU0000717311,,,,,,,,False
2018-04-01,Coffee,BLS,U.S. City Average,U.S. City Average,4.313,pound,"Coffee, 100 percent, ground roast",APU0000717311,,,,,,,,False
2018-05-01,Coffee,BLS,U.S. City Average,U.S. City Average,4.294,pound,"Coffee, 100 percent, ground roast",APU0000717311,,,,,,,,False
2018-09-01,Coffee,BLS,U.S. City Average,U.S. City Average,4.306,pound,"Coffee, 100 percent, ground roast",APU0000717311,,,,,,,,False
2019-10-01,Coffee,BLS,U.S. City Average,U.S. City Average,4.174,pound,"Coffee, 100 percent, ground roast",APU0000717311,,,,,,,,False
2019-11-01,Coffee,BLS,U.S. City Average,U.S. City Average,4.197,pound,"Coffee, 100 percent, ground roast",APU0000717311,,,,,,,,False
2019-12-01,Coffee,BLS,U.S. City Average,U.S. City Average,4.053,pound,"Coffee, 100 percent, ground roast",APU0000717311,,,,,,,,False
2020-01-01,Coffee,BLS,U.S. City Average,U.S. City Average,4.174,pound,"Coffee, 100 percent, ground roast",APU0000717311,,,,,,,,False
2020-02-01,Coffee,BLS,U.S. City Average,U.S. City Average,4.25,pound,"Coffee, 100 percent, ground roast",APU0000717311,,,,,,,,False
2020-03-01,Coffee,BLS,U.S. City Average,U.S. City Average,4.334,pound,"Coffee, 100 percent, ground roast",APU0000717311,,,,,,,,False
2020-04-01,Coffee,BLS,U.S. City Average,U.S. City Average,4.396,pound,"Coffee, 100 percent, ground roast",APU0000717311,,,,,,,,False
2020-05-01,Coffee,BLS,U.S. City Average,U.S. City Average,4.466,pound,"Coffee, 100 percent, ground roast",APU0000717311,,,,,,,,False
2020-06-01,Coffee,BLS,U.S. City Average,U.S. City Average,4.517,pound,"Coffee, 100 percent, ground roast",APU0000717311,,,,,,,,False
2020-07-01,Coffee,BLS,U.S. City Average,U.S. City Average,4.536,pound,"Coffee, 100 percent, ground roast",APU0000717311,,,,,,,,False
2020-08-01,Coffee,BLS,U.S. City Average,U.S. City Average,4.504,pound,"Coffee, 100 percent, ground roast",APU0000717311,,,,,,,,False
2020-09-01,Coffee,BLS,U.S. City Average,U.S. City Average,4.487,pound,"Coffee, 100 percent, ground roast",APU0000717311,,,,,,,,False
2020-10-01,Coffee,BLS,U.S. City Average,U.S. City Average,4.522,pound,"Coffee, 100 percent, ground roast",APU0000717311,,,,,,,,False
2020-11-01,Coffee,BLS,U.S. City Average,U.S. City Average,4.485,pound,"Coffee, 100 percent, ground roast",APU0000717311,,,,,,,,False
2020-12-01,Coffee,BLS,U.S. City Average,U.S. City Average,4.52,pound,"Coffee, 100 percent, ground roast",APU0000717311,,,,,,,,False
2021-01-01,Coffee,BLS,U.S. City Average,U.S. City Average,4.591,pound,"Coffee, 100 percent, ground roast",APU0000717311,,,,,,,,False
2021-02-01,Coffee,BLS,U.S. City Average,U.S. City Average,4.673,pound,"Coffee, 100 percent, ground roast",APU0000717311,,,,,,,,False
2021-03-01,Coffee,BLS,U.S. City Average,U.S. City Average,4.671,pound,"Coffee, 100 percent, ground roast",APU0000717311,,,,,,,,False
2021-04-01,Coffee,BLS,U.S. City Average,U.S. City Average,4.752,pound,"Coffee, 100 percent, ground roast",APU0000717311,,,,,,,,False
2021-05-01,Coffee,BLS,U.S. City Average,U.S. City Average,4.566,pound,"Coffee, 100 percent, ground roast",APU0000717311,,,,,,,,False
2021-06-01,Coffee,BLS,U.S. City Average,U.S. City Average,4.605,pound,"Coffee, 100 percent, ground roast",APU0000717311,,,,,,,,False
2021-07-01,Coffee,BLS,U.S. City Average,U.S. City Average,4.562,pound,"Coffee, 100 percent, ground roast",APU0000717311,,,,,,,,False
2021-08-01,Coffee,BLS,U.S. City Average,U.S. City Average,4.726,pound,"Coffee, 100 percent, ground roast",APU0000717311,,,,,,,,False
2021-09-01,Coffee,BLS,U.S. City Average,U.S. City Average,4.733,pound,"Coffee, 100 percent, ground roast",APU0000717311,,,,,,,,False
2021-10-01,Coffee,BLS,U.S. City Average,U.S. City Average,4.8,pound,"Coffee, 100 percent, ground roast",APU0000717311,,,,,,,,False
2021-11-01,Coffee,BLS,U.S. City Average,U.S. City Average,4.816,pound,"Coffee, 100 percent, ground roast",APU0000717311,,,,,,,,False
2021-12-01,Coffee,BLS,U.S. City Average,U.S. City Average,4.965,pound,"Coffee, 100 percent, ground roast",APU0000717311,,,,,,,,False
2022-01-01,Coffee,BLS,U.S. City Average,U.S. City Average,5.135,pound,"Coffee, 100 percent, ground roast",APU0000717311,,,,,,,,False
2022-02-01,Coffee,BLS,U.S. City Average,U.S. City Average,5.247,pound,"Coffee, 100 percent, ground roast",APU0000717311,,,,,,,,False
2022-03-01,Coffee,BLS,U.S. City Average,U.S. City Average,5.41,pound,"Coffee, 100 percent, ground roast",APU0000717311,,,,,,,,False
2022-04-01,Coffee,BLS,U.S. City Average,U.S. City Average,5.529,pound,"Coffee, 100 percent, ground roast",APU0000717311,,,,,,,,False
2022-05-01,Coffee,BLS,U.S. City Average,U.S. City Average,5.835,pound,"Coffee, 100 percent, ground roast",APU0000717311,,,,,,,,False
2022-06-01,Coffee,BLS,U.S. City Average,U.S. City Average,5.793,pound,"Coffee, 100 percent, ground roast",APU0000717311,,,,,,,,False
2022-07-01,Coffee,BLS,U.S. City Average,U.S. City Average,6.112,pound,"Coffee, 100 percent, ground roast",APU0000717311,,,,,,,,False
2022-08-01,Coffee,BLS,U.S. City Average,U.S. City Average,6.235,pound,"Coffee, 100 percent, ground roast",APU0000717311,,,,,,,,False
2022-09-01,Coffee,BLS,U.S. City Average,U.S. City Average,6.17,pound,"Coffee, 100 percent, ground roast",APU0000717311,,,,,,,,False
2022-10-01,Coffee,BLS,U.S. City Average,U.S. City Average,6.408,pound,"Coffee, 100 percent, ground roast",APU0000717311,,,,,,,,False
2022-11-01,Coffee,BLS,U.S. City Average,U.S. City Average,6.356,pound,"Coffee, 100 percent, ground roast",APU0000717311,,,,,,,,False
2022-12-01,Coffee,BLS,U.S. City Average,U.S. City Average,6.465,pound,"Coffee, 100 percent, ground roast",APU0000717311,,,,,,,,False
2023-01-01,Coffee,BLS,U.S. City Average,U.S. City Average,6.358,pound,"Coffee, 100 percent, ground roast",APU0000717311,,,,,,,,False
2023-02-01,Coffee,BLS,U.S. City Average,U.S. City Average,6.351,pound,"Coffee, 100 percent, ground roast",APU0000717311,,,,,,,,False
2023-03-01,Coffee,BLS,U.S. City Average,U.S. City Average,6.184,pound,"Coffee, 100 percent, ground roast",APU0000717311,,,,,,,,False
2023-04-01,Coffee,BLS,U.S. City Average,U.S. City Average,6.04,pound,"Coffee, 100 percent, ground roast",APU0000717311,,,,,,,,False
2023-05-01,Coffee,BLS,U.S. City Average,U.S. City Average,6.094,pound,"Coffee, 100 percent, ground roast",APU0000717311,,,,,,,,False
2023-06-01,Coffee,BLS,U.S. City Average,U.S. City Average,6.091,pound,"Coffee, 100 percent, ground roast",APU0000717311,,,,,,,,False
2023-07-01,Coffee,BLS,U.S. City Average,U.S. City Average,6.141,pound,"Coffee, 100 percent, ground roast",APU0000717311,,,,,,,,False
2023-08-01,Coffee,BLS,U.S. City Average,U.S. City Average,6.091,pound,"Coffee, 100 percent, ground roast",APU0000717311,,,,,,,,False
2023-09-01,Coffee,BLS,U.S. City Average,U.S. City Average,6.085,pound,"Coffee, 100 percent, ground roast",APU0000717311,,,,,,,,False
2023-10-01,Coffee,BLS,U.S. City Average,U.S. City Average,6.178,pound,"Coffee, 100 percent, ground roast",APU0000717311,,,,,,,,False
2023-11-01,Coffee,BLS,U.S. City Average,U.S. City Average,6.169,pound,"Coffee, 100 percent, ground roast",APU0000717311,,,,,,,,False
2023-12-01,Coffee,BLS,U.S. City Average,U.S. City Average,6.092,pound,"Coffee, 100 percent, ground roast",APU0000717311,,,,,,,,False
2024-01-01,Coffee,BLS,U.S. City Average,U.S. City Average,6.124,pound,"Coffee, 100 percent, ground roast",APU0000717311,,,,,,,,False
2024-02-01,Coffee,BLS,U.S. City Average,U.S. City Average,6.094,pound,"Coffee, 100 percent, ground roast",APU0000717311,,,,,,,,False
2024-03-01,Coffee,BLS,U.S. City Average,U.S. City Average,5.964,pound,"Coffee, 100 percent, ground roast",APU0000717311,,,,,,,,False
2024-04-01,Coffee,BLS,U.S. City Average,U.S. City Average,6.063,pound,"Coffee, 100 percent, ground roast",APU0000717311,,,,,,,,False
2024-05-01,Coffee,BLS,U.S. City Average,U.S. City Average,5.991,pound,"Coffee, 100 percent, ground roast",APU0000717311,,,,,,,,False
2024-06-01,Coffee,BLS,U.S. City Average,U.S. City Average,6.253,pound,"Coffee, 100 percent, ground roast",APU0000717311,,,,,,,,False
2024-07-01,Coffee,BLS,U.S. City Average,U.S. City Average,6.307,pound,"Coffee, 100 percent, ground roast",APU0000717311,,,,,,,,False
2024-08-01,Coffee,BLS,U.S. City Average,U.S. City Average,6.311,pound,"Coffee, 100 percent, ground roast",APU0000717311,,,,,,,,False
2024-09-01,Coffee,BLS,U.S. City Average,U.S. City Average,6.47,pound,"Coffee, 100 percent, ground roast",APU0000717311,,,,,,,,False
2024-10-01,Coffee,BLS,U.S. City Average,U.S. City Average,6.644,pound,"Coffee, 100 percent, ground roast",APU0000717311,,,,,,,,False
2024-11-01,Coffee,BLS,U.S. City Average,U.S. City Average,6.868,pound,"Coffee, 100 percent, ground roast",APU0000717311,,,,,,,,False
2024-12-01,Coffee,BLS,U.S. City Average,U.S. City Average,6.776,pound,"Coffee, 100 percent, ground roast",APU0000717311,,,,,,,,False
2025-01-01,Coffee,BLS,U.S. City Average,U.S. City Average,7.019,pound,"Coffee, 100 percent, ground roast",APU0000717311,,,,,,,,False
2025-02-01,Coffee,BLS,U.S. City Average,U.S. City Average,7.246,pound,"Coffee, 100 percent, ground roast",APU0000717311,,,,,,,,False
2025-03-01,Coffee,BLS,U.S. City Average,U.S. City Average,7.385,pound,"Coffee, 100 percent, ground roast",APU0000717311,,,,,,,,False
2025-04-01,Coffee,BLS,U.S. City Average,U.S. City Average,7.536,pound,"Coffee, 100 percent, ground roast",APU0000717311,,,,,,,,False
2025-05-01,Coffee,BLS,U.S. City Average,U.S. City Average,7.931,pound,"Coffee, 100 percent, ground roast",APU0000717311,,,,,,,,False
2025-06-01,Coffee,BLS,U.S. City Average,U.S. City Average,8.132,pound,"Coffee, 100 percent, ground roast",APU0000717311,,,,,,,,False
2025-07-01,Coffee,BLS,U.S. City Average,U.S. City Average,8.414,pound,"Coffee, 100 percent, ground roast",APU0000717311,,,,,,,,False
2025-08-01,Coffee,BLS,U.S. City Average,U.S. City Average,8.872,pound,"Coffee, 100 percent, ground roast",APU0000717311,,,,,,,,False
2025-09-01,Coffee,BLS,U.S. City Average,U.S. City Average,9.139,pound,"Coffee, 100 percent, ground roast",APU0000717311,,,,,,,,False
2025-11-01,Coffee,BLS,U.S. City Average,U.S. City Average,9.258,pound,"Coffee, 100 percent, ground roast",APU0000717311,,,,,,,,False
2025-12-01,Coffee,BLS,U.S. City Average,U.S. City Average,9.053,pound,"Coffee, 100 percent, ground roast",APU0000717311,,,,,,,,False
2026-01-01,Coffee,BLS,U.S. City Average,U.S. City Average,9.366,pound,"Coffee, 100 percent, ground roast",APU0000717311,,,,,,,,False
2026-02-01,Coffee,BLS,U.S. City Average,U.S. City Average,9.459,pound,"Coffee, 100 percent, ground roast",APU0000717311,,,,,,,,False
2026-03-01,Coffee,BLS,U.S. City Average,U.S. City Average,9.608,pound,"Coffee, 100 percent, ground roast",APU0000717311,,,,,,,,False
2026-04-01,Coffee,BLS,U.S. City Average,U.S. City Average,9.723,pound,"Coffee, 100 percent, ground roast",APU0000717311,,,,,,,,False
2026-05-01,Coffee,BLS,U.S. City Average,U.S. City Average,9.511,pound,"Coffee, 100 percent, ground roast",APU0000717311,,,,,,,,False
2026-06-01,Coffee,BLS,U.S. City Average,U.S. City Average,9.457,pound,"Coffee, 100 percent, ground roast",APU0000717311,,,,,,,,False
2026-07-01,Coffee,BLS,U.S. City Average,U.S. City Average,9.317,pound,"Coffee, 100 percent, ground roast",APU0000717311,,,,,,,,False
2026-08-25,Coffee,Kroger,Kroger On the Rhine,"Cincinnati, OH",8.712727272727273,pound,Kroger Breakfast Blend Ground Coffee,0001111010738,11 oz,01400513,6.99,5.99,5.99,10.167272727272728,8.712727272727273,True
2026-08-26,Coffee,Kroger,Kroger On the Rhine,"Cincinnati, OH",8.712727272727273,pound,Kroger Breakfast Blend Ground Coffee,0001111010738,11 oz,01400513,6.99,5.99,5.99,10.167272727272728,8.712727272727273,True
2026-08-27,Coffee,Kroger,Kroger On the Rhine,"Cincinnati, OH",8.712727272727273,pound,Kroger Breakfast Blend Ground Coffee,0001111010738,11 oz,01400513,6.99,5.99,5.99,10.167272727272728,8.712727272727273,True
2026-08-28,Coffee,Kroger,Kroger On the Rhine,"Cincinnati, OH",8.712727272727273,pound,Kroger Breakfast Blend Ground Coffee,0001111010738,11 oz,01400513,6.99,5.99,5.99,10.167272727272728,8.712727272727273,True
2026-08-29,Coffee,Kroger,Kroger On the Rhine,"Cincinnati, OH",8.712727272727273,pound,Kroger Breakfast Blend Ground Coffee,0001111010738,11 oz,01400513,6.99,5.99,5.99,10.167272727272728,8.712727272727273,True
2026-08-30,Coffee,Kroger,Kroger On the Rhine,"Cincinnati, OH",8.712727272727273,pound,Kroger Breakfast Blend Ground Coffee,0001111010738,11 oz,01400513,6.99,5.99,5.99,10.167272727272728,8.712727272727273,True
2026-08-31,Coffee,Kroger,Kroger On the Rhine,"Cincinnati, OH",8.712727272727273,pound,Kroger Breakfast Blend Ground Coffee,0001111010738,11 oz,01400513,6.99,5.99,5.99,10.167272727272728,8.712727272727273,True
2026-09-01,Coffee,Kroger,Kroger On the Rhine,"Cincinnati, OH",8.712727272727273,pound,Kroger Breakfast Blend Ground Coffee,0001111010738,11 oz,01400513,6.99,5.99,5.99,10.167272727272728,8.712727272727273,True
2026-09-02,Coffee,Kroger,Kroger On the Rhine,"Cincinnati, OH",8.727272727272727,pound,Kroger Breakfast Blend Ground Coffee,0001111010738,11 oz,01400513,6.0,,6.0,8.727272727272727,,False
2026-09-03,Coffee,Kroger,Kroger On the Rhine,"Cincinnati, OH",8.727272727272727,pound,Kroger Breakfast Blend Ground Coffee,0001111010738,11 oz,01400513,6.0,,6.0,8.727272727272727,,False
2026-09-04,Coffee,Kroger,Kroger On the Rhine,"Cincinnati, OH",8.727272727272727,pound,Kroger Breakfast Blend Ground Coffee,0001111010738,11 oz,01400513,6.0,,6.0,8.727272727272727,,False
2026-09-05,Coffee,Kroger,Kroger On the Rhine,"Cincinnati, OH",8.727272727272727,pound,Kroger Breakfast Blend Ground Coffee,0001111010738,11 oz,01400513,6.0,,6.0,8.727272727272727,,False
2026-09-06,Coffee,Kroger,Kroger On the Rhine,"Cincinnati, OH",8.727272727272727,pound,Kroger Breakfast Blend Ground Coffee,0001111010738,11 oz,01400513,6.0,,6.0,8.727272727272727,,False
2026-09-07,Coffee,Kroger,Kroger On the Rhine,"Cincinnati, OH",8.727272727272727,pound,Kroger Breakfast Blend Ground Coffee,0001111010738,11 oz,01400513,6.0,,6.0,8.727272727272727,,False
2026-09-08,Coffee,Kroger,Kroger On the Rhine,"Cincinnati, OH",8.727272727272727,pound,Kroger Breakfast Blend Ground Coffee,0001111010738,11 oz,01400513,6.0,,6.0,8.727272727272727,,False
2026-09-09,Coffee,Kroger,Kroger On the Rhine,"Cincinnati, OH",8.727272727272727,pound,Kroger Breakfast Blend Ground Coffee,0001111010738,11 oz,01400513,6.0,,6.0,8.727272727272727,,False
2026-09-10,Coffee,Kroger,Kroger On the Rhine,"Cincinnati, OH",8.727272727272727,pound,Kroger Breakfast Blend Ground Coffee,0001111010738,11 oz,01400513,6.0,,6.0,8.727272727272727,,False
2026-09-11,Coffee,Kroger,Kroger On the Rhine,"Cincinnati, OH",8.727272727272727,pound,Kroger Breakfast Blend Ground Coffee,0001111010738,11 oz,01400513,6.0,,6.0,8.727272727272727,,False
2026-09-12,Coffee,Kroger,Kroger On the Rhine,"Cincinnati, OH",8.727272727272727,pound,Kroger Breakfast Blend Ground Coffee,0001111010738,11 oz,01400513,6.0,,6.0,8.727272727272727,,False
2026-09-13,Coffee,Kroger,Kroger On the Rhine,"Cincinnati, OH",8.727272727272727,pound,Kroger Breakfast Blend Ground Coffee,0001111010738,11 oz,01400513,6.0,,6.0,8.727272727272727,,False
2026-09-14,Coffee,Kroger,Kroger On the Rhine,"Cincinnati, OH",8.727272727272727,pound,Kroger Breakfast Blend Ground Coffee,0001111010738,11 oz,01400513,6.0,,6.0,8.727272727272727,,False
2017-01-01,Eggs,BLS,U.S. City Average,U.S. City Average,1.599,dozen,"Eggs, Grade A, large",APU0000708111,,,,,,,,False
2017-02-01,Eggs,BLS,U.S. City Average,U.S. City Average,1.464,dozen,"Eggs, Grade A, large",APU0000708111,,,,,,,,False
2017-03-01,Eggs,BLS,U.S. City Average,U.S. City Average,1.404,dozen,"Eggs, Grade A, large",APU0000708111,,,,,,,,False
2017-04-01,Eggs,BLS,U.S. City Average,U.S. City Average,1.409,dozen,"Eggs, Grade A, large",APU0000708111,,,,,,,,False
2017-05-01,Eggs,BLS,U.S. City Average,U.S. City Average,1.414,dozen,"Eggs, Grade A, large",APU0000708111,,,,,,,,False
2017-06-01,Eggs,BLS,U.S. City Average,U.S. City Average,1.332,dozen,"Eggs, Grade A, large",APU0000708111,,,,,,,,False
2017-07-01,Eggs,BLS,U.S. City Average,U.S. City Average,1.333,dozen,"Eggs, Grade A, large",APU0000708111,,,,,,,,False
2017-08-01,Eggs,BLS,U.S. City Average,U.S. City Average,1.367,dozen,"Eggs, Grade A, large",APU0000708111,,,,,,,,False
2017-09-01,Eggs,BLS,U.S. City Average,U.S. City Average,1.422,dozen,"Eggs, Grade A, large",APU0000708111,,,,,,,,False
2017-10-01,Eggs,BLS,U.S. City Average,U.S. City Average,1.54,dozen,"Eggs, Grade A, large",APU0000708111,,,,,,,,False
2017-11-01,Eggs,BLS,U.S. City Average,U.S. City Average,1.506,dozen,"Eggs, Grade A, large",APU0000708111,,,,,,,,False
2017-12-01,Eggs,BLS,U.S. City Average,U.S. City Average,1.815,dozen,"Eggs, Grade A, large",APU0000708111,,,,,,,,False
2018-01-01,Eggs,BLS,U.S. City Average,U.S. City Average,1.769,dozen,"Eggs, Grade A, large",APU0000708111,,,,,,,,False
2018-02-01,Eggs,BLS,U.S. City Average,U.S. City Average,1.755,dozen,"Eggs, Grade A, large",APU0000708111,,,,,,,,False
2018-03-01,Eggs,BLS,U.S. City Average,U.S. City Average,1.831,dozen,"Eggs, Grade A, large",APU0000708111,,,,,,,,False
2018-04-01,Eggs,BLS,U.S. City Average,U.S. City Average,2.081,dozen,"Eggs, Grade A, large",APU0000708111,,,,,,,,False
2018-05-01,Eggs,BLS,U.S. City Average,U.S. City Average,1.987,dozen,"Eggs, Grade A, large",APU0000708111,,,,,,,,False
2018-06-01,Eggs,BLS,U.S. City Average,U.S. City Average,1.628,dozen,"Eggs, Grade A, large",APU0000708111,,,,,,,,False
2018-07-01,Eggs,BLS,U.S. City Average,U.S. City Average,1.725,dozen,"Eggs, Grade A, large",APU0000708111,,,,,,,,False
2018-08-01,Eggs,BLS,U.S. City Average,U.S. City Average,1.622,dozen,"Eggs, Grade A, large",APU0000708111,,,,,,,,False
2018-09-01,Eggs,BLS,U.S. City Average,U.S. City Average,1.651,dozen,"Eggs, Grade A, large",APU0000708111,,,,,,,,False
2018-10-01,Eggs,BLS,U.S. City Average,U.S. City Average,1.66,dozen,"Eggs, Grade A, large",APU0000708111,,,,,,,,False
2018-11-01,Eggs,BLS,U.S. City Average,U.S. City Average,1.596,dozen,"Eggs, Grade A, large",APU0000708111,,,,,,,,False
2018-12-01,Eggs,BLS,U.S. City Average,U.S. City Average,1.595,dozen,"Eggs, Grade A, large",APU0000708111,,,,,,,,False
2019-01-01,Eggs,BLS,U.S. City Average,U.S. City Average,1.554,dozen,"Eggs, Grade A, large",APU0000708111,,,,,,,,False
2019-02-01,Eggs,BLS,U.S. City Average,U.S. City Average,1.557,dozen,"Eggs, Grade A, large",APU0000708111,,,,,,,,False
2019-03-01,Eggs,BLS,U.S. City Average,U.S. City Average,1.544,dozen,"Eggs, Grade A, large",APU0000708111,,,,,,,,False
2019-04-01,Eggs,BLS,U.S. City Average,U.S. City Average,1.463,dozen,"Eggs, Grade A, large",APU0000708111,,,,,,,,False
2019-05-01,Eggs,BLS,U.S. City Average,U.S. City Average,1.362,dozen,"Eggs, Grade A, large",APU0000708111,,,,,,,,False
2019-06-01,Eggs,BLS,U.S. City Average,U.S. City Average,1.203,dozen,"Eggs, Grade A, large",APU0000708111,,,,,,,,False
2019-07-01,Eggs,BLS,U.S. City Average,U.S. City Average,1.243,dozen,"Eggs, Grade A, large",APU0000708111,,,,,,,,False
2019-08-01,Eggs,BLS,U.S. City Average,U.S. City Average,1.219,dozen,"Eggs, Grade A, large",APU0000708111,,,,,,,,False
2019-09-01,Eggs,BLS,U.S. City Average,U.S. City Average,1.383,dozen,"Eggs, Grade A, large",APU0000708111,,,,,,,,False
2019-10-01,Eggs,BLS,U.S. City Average,U.S. City Average,1.282,dozen,"Eggs, Grade A, large",APU0000708111,,,,,,,,False
2019-11-01,Eggs,BLS,U.S. City Average,U.S. City Average,1.405,dozen,"Eggs, Grade A, large",APU0000708111,,,,,,,,False
2019-12-01,Eggs,BLS,U.S. City Average,U.S. City Average,1.535,dozen,"Eggs, Grade A, large",APU0000708111,,,,,,,,False
2020-01-01,Eggs,BLS,U.S. City Average,U.S. City Average,1.461,dozen,"Eggs, Grade A, large",APU0000708111,,,,,,,,False
2020-02-01,Eggs,BLS,U.S. City Average,U.S. City Average,1.449,dozen,"Eggs, Grade A, large",APU0000708111,,,,,,,,False
2020-03-01,Eggs,BLS,U.S. City Average,U.S. City Average,1.525,dozen,"Eggs, Grade A, large",APU0000708111,,,,,,,,False
2020-04-01,Eggs,BLS,U.S. City Average,U.S. City Average,2.019,dozen,"Eggs, Grade A, large",APU0000708111,,,,,,,,False
2020-05-01,Eggs,BLS,U.S. City Average,U.S. City Average,1.64,dozen,"Eggs, Grade A, large",APU0000708111,,,,,,,,False
2020-06-01,Eggs,BLS,U.S. City Average,U.S. City Average,1.554,dozen,"Eggs, Grade A, large",APU0000708111,,,,,,,,False
2020-07-01,Eggs,BLS,U.S. City Average,U.S. City Average,1.401,dozen,"Eggs, Grade A, large",APU0000708111,,,,,,,,False
2020-08-01,Eggs,BLS,U.S. City Average,U.S. City Average,1.328,dozen,"Eggs, Grade A, large",APU0000708111,,,,,,,,False
2020-09-01,Eggs,BLS,U.S. City Average,U.S. City Average,1.353,dozen,"Eggs, Grade A, large",APU0000708111,,,,,,,,False
2020-10-01,Eggs,BLS,U.S. City Average,U.S. City Average,1.408,dozen,"Eggs, Grade A, large",APU0000708111,,,,,,,,False
2020-11-01,Eggs,BLS,U.S. City Average,U.S. City Average,1.45,dozen,"Eggs, Grade A, large",APU0000708111,,,,,,,,False
2020-12-01,Eggs,BLS,U.S. City Average,U.S. City Average,1.481,dozen,"Eggs, Grade A, large",APU0000708111,,,,,,,,False
2021-01-01,Eggs,BLS,U.S. City Average,U.S. City Average,1.466,dozen,"Eggs, Grade A, large",APU0000708111,,,,,,,,False
2021-02-01,Eggs,BLS,U.S. City Average,U.S. City Average,1.597,dozen,"Eggs, Grade A, large",APU0000708111,,,,,,,,False
2021-03-01,Eggs,BLS,U.S. City Average,U.S. City Average,1.625,dozen,"Eggs, Grade A, large",APU0000708111,,,,,,,,False
2021-04-01,Eggs,BLS,U.S. City Average,U.S. City Average,1.62,dozen,"Eggs, Grade A, large",APU0000708111,,,,,,,,False
2021-05-01,Eggs,BLS,U.S. City Average,U.S. City Average,1.625,dozen,"Eggs, Grade A, large",APU0000708111,,,,,,,,False
2021-06-01,Eggs,BLS,U.S. City Average,U.S. City Average,1.642,dozen,"Eggs, Grade A, large",APU0000708111,,,,,,,,False
2021-07-01,Eggs,BLS,U.S. City Average,U.S. City Average,1.642,dozen,"Eggs, Grade A, large",APU0000708111,,,,,,,,False
2021-08-01,Eggs,BLS,U.S. City Average,U.S. City Average,1.709,dozen,"Eggs, Grade A, large",APU0000708111,,,,,,,,False
2021-09-01,Eggs,BLS,U.S. City Average,U.S. City Average,1.835,dozen,"Eggs, Grade A, large",APU0000708111,,,,,,,,False
2021-10-01,Eggs,BLS,U.S. City Average,U.S. City Average,1.821,dozen,"Eggs, Grade A, large",APU0000708111,,,,,,,,False
2021-11-01,Eggs,BLS,U.S. City Average,U.S. City Average,1.718,dozen,"Eggs, Grade A, large",APU0000708111,,,,,,,,False
2021-12-01,Eggs,BLS,U.S. City Average,U.S. City Average,1.788,dozen,"Eggs, Grade A, large",APU0000708111,,,,,,,,False
2022-01-01,Eggs,BLS,U.S. City Average,U.S. City Average,1.929,dozen,"Eggs, Grade A, large",APU0000708111,,,,,,,,False
2022-02-01,Eggs,BLS,U.S. City Average,U.S. City Average,2.005,dozen,"Eggs, Grade A, large",APU0000708111,,,,,,,,False
2022-03-01,Eggs,BLS,U.S. City Average,U.S. City Average,2.046,dozen,"Eggs, Grade A, large",APU0000708111,,,,,,,,False
2022-04-01,Eggs,BLS,U.S. City Average,U.S. City Average,2.52,dozen,"Eggs, Grade A, large",APU0000708111,,,,,,,,False
2022-05-01,Eggs,BLS,U.S. City Average,U.S. City Average,2.863,dozen,"Eggs, Grade A, large",APU0000708111,,,,,,,,False
2022-06-01,Eggs,BLS,U.S. City Average,U.S. City Average,2.707,dozen,"Eggs, Grade A, large",APU0000708111,,,,,,,,False
2022-07-01,Eggs,BLS,U.S. City Average,U.S. City Average,2.936,dozen,"Eggs, Grade A, large",APU0000708111,,,,,,,,False
2022-08-01,Eggs,BLS,U.S. City Average,U.S. City Average,3.116,dozen,"Eggs, Grade A, large",APU0000708111,,,,,,,,False
2022-09-01,Eggs,BLS,U.S. City Average,U.S. City Average,2.902,dozen,"Eggs, Grade A, large",APU0000708111,,,,,,,,False
2022-10-01,Eggs,BLS,U.S. City Average,U.S. City Average,3.419,dozen,"Eggs, Grade A, large",APU0000708111,,,,,,,,False
2022-11-01,Eggs,BLS,U.S. City Average,U.S. City Average,3.589,dozen,"Eggs, Grade A, large",APU0000708111,,,,,,,,False
2022-12-01,Eggs,BLS,U.S. City Average,U.S. City Average,4.25,dozen,"Eggs, Grade A, large",APU0000708111,,,,,,,,False
2023-01-01,Eggs,BLS,U.S. City Average,U.S. City Average,4.823,dozen,"Eggs, Grade A, large",APU0000708111,,,,,,,,False
2023-02-01,Eggs,BLS,U.S. City Average,U.S. City Average,4.211,dozen,"Eggs, Grade A, large",APU0000708111,,,,,,,,False
2023-03-01,Eggs,BLS,U.S. City Average,U.S. City Average,3.446,dozen,"Eggs, Grade A, large",APU0000708111,,,,,,,,False
2023-04-01,Eggs,BLS,U.S. City Average,U.S. City Average,3.27,dozen,"Eggs, Grade A, large",APU0000708111,,,,,,,,False
2023-05-01,Eggs,BLS,U.S. City Average,U.S. City Average,2.666,dozen,"Eggs, Grade A, large",APU0000708111,,,,,,,,False
2023-06-01,Eggs,BLS,U.S. City Average,U.S. City Average,2.219,dozen,"Eggs, Grade A, large",APU0000708111,,,,,,,,False
2023-07-01,Eggs,BLS,U.S. City Average,U.S. City Average,2.094,dozen,"Eggs, Grade A, large",APU0000708111,,,,,,,,False
2023-08-01,Eggs,BLS,U.S. City Average,U.S. City Average,2.043,dozen,"Eggs, Grade A, large",APU0000708111,,,,,,,,False
2023-09-01,Eggs,BLS,U.S. City Average,U.S. City Average,2.065,dozen,"Eggs, Grade A, large",APU0000708111,,,,,,,,False
2023-10-01,Eggs,BLS,U.S. City Average,U.S. City Average,2.072,dozen,"Eggs, Grade A, large",APU0000708111,,,,,,,,False
2023-11-01,Eggs,BLS,U.S. City Average,U.S. City Average,2.138,dozen,"Eggs, Grade A, large",APU0000708111,,,,,,,,False
2023-12-01,Eggs,BLS,U.S. City Average,U.S. City Average,2.507,dozen,"Eggs, Grade A, large",APU0000708111,,,,,,,,False
2024-01-01,Eggs,BLS,U.S. City Average,U.S. City Average,2.522,dozen,"Eggs, Grade A, large",APU0000708111,,,,,,,,False
2024-02-01,Eggs,BLS,U.S. City Average,U.S. City Average,2.996,dozen,"Eggs, Grade A, large",APU0000708111,,,,,,,,False
2024-03-01,Eggs,BLS,U.S. City Average,U.S. City Average,2.992,dozen,"Eggs, Grade A, large",APU0000708111,,,,,,,,False
2024-04-01,Eggs,BLS,U.S. City Average,U.S. City Average,2.864,dozen,"Eggs, Grade A, large",APU0000708111,,,,,,,,False
2024-05-01,Eggs,BLS,U.S. City Average,U.S. City Average,2.699,dozen,"Eggs, Grade A, large",APU0000708111,,,,,,,,False
2024-06-01,Eggs,BLS,U.S. City Average,U.S. City Average,2.715,dozen,"Eggs, Grade A, large",APU0000708111,,,,,,,,False
2024-07-01,Eggs,BLS,U.S. City Average,U.S. City Average,3.08,dozen,"Eggs, Grade A, large",APU0000708111,,,,,,,,False
2024-08-01,Eggs,BLS,U.S. City Average,U.S. City Average,3.204,dozen,"Eggs, Grade A, large",APU0000708111,,,,,,,,False
2024-09-01,Eggs,BLS,U.S. City Average,U.S. City Average,3.821,dozen,"Eggs, Grade A, large",APU0000708111,,,,,,,,False
2024-10-01,Eggs,BLS,U.S. City Average,U.S. City Average,3.37,dozen,"Eggs, Grade A, large",APU0000708111,,,,,,,,False
2024-11-01,Eggs,BLS,U.S. City Average,U.S. City Average,3.649,dozen,"Eggs, Grade A, large",APU0000708111,,,,,,,,False
2024-12-01,Eggs,BLS,U.S. City Average,U.S. City Average,4.146,dozen,"Eggs, Grade A, large",APU0000708111,,,,,,,,False
2025-01-01,Eggs,BLS,U.S. City Average,U.S. City Average,4.953,dozen,"Eggs, Grade A, large",APU0000708111,,,,,,,,False
2025-02-01,Eggs,BLS,U.S. City Average,U.S. City Average,5.897,dozen,"Eggs, Grade A, large",APU0000708111,,,,,,,,False
2025-03-01,Eggs,BLS,U.S. City Average,U.S. City Average,6.227,dozen,"Eggs, Grade A, large",APU0000708111,,,,,,,,False
2025-04-01,Eggs,BLS,U.S. City Average,U.S. City Average,5.122,dozen,"Eggs, Grade A, large",APU0000708111,,,,,,,,False
2025-05-01,Eggs,BLS,U.S. City Average,U.S. City Average,4.548,dozen,"Eggs, Grade A, large",APU0000708111,,,,,,,,False
2025-06-01,Eggs,BLS,U.S. City Average,U.S. City Average,3.775,dozen,"Eggs, Grade A, large",APU0000708111,,,,,,,,False
2025-07-01,Eggs,BLS,U.S. City Average,U.S. City Average,3.599,dozen,"Eggs, Grade A, large",APU0000708111,,,,,,,,False
2025-08-01,Eggs,BLS,U.S. City Average,U.S. City Average,3.587,dozen,"Eggs, Grade A, large",APU0000708111,,,,,,,,False
2025-09-01,Eggs,BLS,U.S. City Average,U.S. City Average,3.488,dozen,"Eggs, Grade A, large",APU0000708111,,,,,,,,False
2025-11-01,Eggs,BLS,U.S. City Average,U.S. City Average,2.86,dozen,"Eggs, Grade A, large",APU0000708111,,,,,,,,False
2025-12-01,Eggs,BLS,U.S. City Average,U.S. City Average,2.712,dozen,"Eggs, Grade A, large",APU0000708111,,,,,,,,False
2026-01-01,Eggs,BLS,U.S. City Average,U.S. City Average,2.577,dozen,"Eggs, Grade A, large",APU0000708111,,,,,,,,False
2026-02-01,Eggs,BLS,U.S. City Average,U.S. City Average,2.5,dozen,"Eggs, Grade A, large",APU0000708111,,,,,,,,False
2026-03-01,Eggs,BLS,U.S. City Average,U.S. City Average,2.348,dozen,"Eggs, Grade A, large",APU0000708111,,,,,,,,False
2026-04-01,Eggs,BLS,U.S. City Average,U.S. City Average,2.25,dozen,"Eggs, Grade A, large",APU0000708111,,,,,,,,False
2026-05-01,Eggs,BLS,U.S. City Average,U.S. City Average,2.191,dozen,"Eggs, Grade A, large",APU0000708111,,,,,,,,False
2026-06-01,Eggs,BLS,U.S. City Average,U.S. City Average,2.141,dozen,"Eggs, Grade A, large",APU0000708111,,,,,,,,False
2026-07-01,Eggs,BLS,U.S. City Average,U.S. City Average,2.189,dozen,"Eggs, Grade A, large",APU0000708111,,,,,,,,False
2026-08-25,Eggs,Kroger,Kroger On the Rhine,"Cincinnati, OH",1.99,dozen,Kroger Grade A Large White Eggs,0001111060903,12 ct,01400513,1.99,,1.99,1.99,,False
2026-08-26,Eggs,Kroger,Kroger On the Rhine,"Cincinnati, OH",1.99,dozen,Kroger Grade A Large White Eggs,0001111060903,12 ct,01400513,1.99,,1.99,1.99,,False
2026-08-27,Eggs,Kroger,Kroger On the Rhine,"Cincinnati, OH",1.99,dozen,Kroger Grade A Large White Eggs,0001111060903,12 ct,01400513,1.99,,1.99,1.99,,False
2026-08-28,Eggs,Kroger,Kroger On the Rhine,"Cincinnati, OH",1.99,dozen,Kroger Grade A Large White Eggs,0001111060903,12 ct,01400513,1.99,,1.99,1.99,,False
2026-08-29,Eggs,Kroger,Kroger On the Rhine,"Cincinnati, OH",1.99,dozen,Kroger Grade A Large White Eggs,0001111060903,12 ct,01400513,1.99,,1.99,1.99,,False
2026-08-30,Eggs,Kroger,Kroger On the Rhine,"Cincinnati, OH",1.99,dozen,Kroger Grade A Large White Eggs,0001111060903,12 ct,01400513,1.99,,1.99,1.99,,False
2026-08-31,Eggs,Kroger,Kroger On the Rhine,"Cincinnati, OH",1.99,dozen,Kroger Grade A Large White Eggs,0001111060903,12 ct,01400513,1.99,,1.99,1.99,,False
2026-09-01,Eggs,Kroger,Kroger On the Rhine,"Cincinnati, OH",1.99,dozen,Kroger Grade A Large White Eggs,0001111060903,12 ct,01400513,1.99,,1.99,1.99,,False
2026-09-02,Eggs,Kroger,Kroger On the Rhine,"Cincinnati, OH",1.89,dozen,Kroger Grade A Large White Eggs,0001111060903,12 ct,01400513,1.89,,1.89,1.89,,False
2026-09-03,Eggs,Kroger,Kroger On the Rhine,"Cincinnati, OH",1.89,dozen,Kroger Grade A Large White Eggs,0001111060903,12 ct,01400513,1.89,,1.89,1.89,,False
2026-09-04,Eggs,Kroger,Kroger On the Rhine,"Cincinnati, OH",1.89,dozen,Kroger Grade A Large White Eggs,0001111060903,12 ct,01400513,1.89,,1.89,1.89,,False
2026-09-05,Eggs,Kroger,Kroger On the Rhine,"Cincinnati, OH",1.89,dozen,Kroger Grade A Large White Eggs,0001111060903,12 ct,01400513,1.89,,1.89,1.89,,False
2026-09-06,Eggs,Kroger,Kroger On the Rhine,"Cincinnati, OH",1.89,dozen,Kroger Grade A Large White Eggs,0001111060903,12 ct,01400513,1.89,,1.89,1.89,,False
2026-09-07,Eggs,Kroger,Kroger On the Rhine,"Cincinnati, OH",1.89,dozen,Kroger Grade A Large White Eggs,0001111060903,12 ct,01400513,1.89,,1.89,1.89,,False
2026-09-08,Eggs,Kroger,Kroger On the Rhine,"Cincinnati, OH",1.89,dozen,Kroger Grade A Large White Eggs,0001111060903,12 ct,01400513,1.89,,1.89,1.89,,False
2026-09-09,Eggs,Kroger,Kroger On the Rhine,"Cincinnati, OH",1.89,dozen,Kroger Grade A Large White Eggs,0001111060903,12 ct,01400513,1.89,,1.89,1.89,,False
2026-09-10,Eggs,Kroger,Kroger On the Rhine,"Cincinnati, OH",1.89,dozen,Kroger Grade A Large White Eggs,0001111060903,12 ct,01400513,1.89,,1.89,1.89,,False
2026-09-11,Eggs,Kroger,Kroger On the Rhine,"Cincinnati, OH",1.89,dozen,Kroger Grade A Large White Eggs,0001111060903,12 ct,01400513,1.89,,1.89,1.89,,False
2026-09-12,Eggs,Kroger,Kroger On the Rhine,"Cincinnati, OH",1.89,dozen,Kroger Grade A Large White Eggs,0001111060903,12 ct,01400513,1.89,,1.89,1.89,,False
2026-09-13,Eggs,Kroger,Kroger On the Rhine,"Cincinnati, OH",1.89,dozen,Kroger Grade A Large White Eggs,0001111060903,12 ct,01400513,1.89,,1.89,1.89,,False
2026-09-14,Eggs,Kroger,Kroger On the Rhine,"Cincinnati, OH",1.89,dozen,Kroger Grade A Large White Eggs,0001111060903,12 ct,01400513,1.89,,1.89,1.89,,False
2017-01-01,Flour,BLS,U.S. City Average,U.S. City Average,0.53,pound,"Flour, white, all purpose",APU0000701111,,,,,,,,False
2017-02-01,Flour,BLS,U.S. City Average,U.S. City Average,0.526,pound,"Flour, white, all purpose",APU0000701111,,,,,,,,False
2017-03-01,Flour,BLS,U.S. City Average,U.S. City Average,0.531,pound,"Flour, white, all purpose",APU0000701111,,,,,,,,False
2017-04-01,Flour,BLS,U.S. City Average,U.S. City Average,0.516,pound,"Flour, white, all purpose",APU0000701111,,,,,,,,False
2017-05-01,Flour,BLS,U.S. City Average,U.S. City Average,0.517,pound,"Flour, white, all purpose",APU0000701111,,,,,,,,False
2017-06-01,Flour,BLS,U.S. City Average,U.S. City Average,0.507,pound,"Flour, white, all purpose",APU0000701111,,,,,,,,False
2017-07-01,Flour,BLS,U.S. City Average,U.S. City Average,0.512,pound,"Flour, white, all purpose",APU0000701111,,,,,,,,False
2017-08-01,Flour,BLS,U.S. City Average,U.S. City Average,0.512,pound,"Flour, white, all purpose",APU0000701111,,,,,,,,False
2017-09-01,Flour,BLS,U.S. City Average,U.S. City Average,0.505,pound,"Flour, white, all purpose",APU0000701111,,,,,,,,False
2017-10-01,Flour,BLS,U.S. City Average,U.S. City Average,0.5,pound,"Flour, white, all purpose",APU0000701111,,,,,,,,False
2017-11-01,Flour,BLS,U.S. City Average,U.S. City Average,0.469,pound,"Flour, white, all purpose",APU0000701111,,,,,,,,False
2017-12-01,Flour,BLS,U.S. City Average,U.S. City Average,0.462,pound,"Flour, white, all purpose",APU0000701111,,,,,,,,False
2018-01-01,Flour,BLS,U.S. City Average,U.S. City Average,0.471,pound,"Flour, white, all purpose",APU0000701111,,,,,,,,False
2018-02-01,Flour,BLS,U.S. City Average,U.S. City Average,0.47,pound,"Flour, white, all purpose",APU0000701111,,,,,,,,False
2018-03-01,Flour,BLS,U.S. City Average,U.S. City Average,0.468,pound,"Flour, white, all purpose",APU0000701111,,,,,,,,False
2018-04-01,Flour,BLS,U.S. City Average,U.S. City Average,0.472,pound,"Flour, white, all purpose",APU0000701111,,,,,,,,False
2018-05-01,Flour,BLS,U.S. City Average,U.S. City Average,0.469,pound,"Flour, white, all purpose",APU0000701111,,,,,,,,False
2018-06-01,Flour,BLS,U.S. City Average,U.S. City Average,0.469,pound,"Flour, white, all purpose",APU0000701111,,,,,,,,False
2018-07-01,Flour,BLS,U.S. City Average,U.S. City Average,0.468,pound,"Flour, white, all purpose",APU0000701111,,,,,,,,False
2018-08-01,Flour,BLS,U.S. City Average,U.S. City Average,0.464,pound,"Flour, white, all purpose",APU0000701111,,,,,,,,False
2018-09-01,Flour,BLS,U.S. City Average,U.S. City Average,0.467,pound,"Flour, white, all purpose",APU0000701111,,,,,,,,False
2018-10-01,Flour,BLS,U.S. City Average,U.S. City Average,0.453,pound,"Flour, white, all purpose",APU0000701111,,,,,,,,False
2018-11-01,Flour,BLS,U.S. City Average,U.S. City Average,0.433,pound,"Flour, white, all purpose",APU0000701111,,,,,,,,False
2018-12-01,Flour,BLS,U.S. City Average,U.S. City Average,0.437,pound,"Flour, white, all purpose",APU0000701111,,,,,,,,False
2019-01-01,Flour,BLS,U.S. City Average,U.S. City Average,0.439,pound,"Flour, white, all purpose",APU0000701111,,,,,,,,False
2019-02-01,Flour,BLS,U.S. City Average,U.S. City Average,0.443,pound,"Flour, white, all purpose",APU0000701111,,,,,,,,False
2019-03-01,Flour,BLS,U.S. City Average,U.S. City Average,0.445,pound,"Flour, white, all purpose",APU0000701111,,,,,,,,False
2019-04-01,Flour,BLS,U.S. City Average,U.S. City Average,0.434,pound,"Flour, white, all purpose",APU0000701111,,,,,,,,False
2019-05-01,Flour,BLS,U.S. City Average,U.S. City Average,0.454,pound,"Flour, white, all purpose",APU0000701111,,,,,,,,False
2019-06-01,Flour,BLS,U.S. City Average,U.S. City Average,0.448,pound,"Flour, white, all purpose",APU0000701111,,,,,,,,False
2019-07-01,Flour,BLS,U.S. City Average,U.S. City Average,0.454,pound,"Flour, white, all purpose",APU0000701111,,,,,,,,False
2019-08-01,Flour,BLS,U.S. City Average,U.S. City Average,0.45,pound,"Flour, white, all purpose",APU0000701111,,,,,,,,False
2019-09-01,Flour,BLS,U.S. City Average,U.S. City Average,0.449,pound,"Flour, white, all purpose",APU0000701111,,,,,,,,False
2019-10-01,Flour,BLS,U.S. City Average,U.S. City Average,0.432,pound,"Flour, white, all purpose",APU0000701111,,,,,,,,False
2019-11-01,Flour,BLS,U.S. City Average,U.S. City Average,0.417,pound,"Flour, white, all purpose",APU0000701111,,,,,,,,False
2019-12-01,Flour,BLS,U.S. City Average,U.S. City Average,0.429,pound,"Flour, white, all purpose",APU0000701111,,,,,,,,False
2020-01-01,Flour,BLS,U.S. City Average,U.S. City Average,0.438,pound,"Flour, white, all purpose",APU0000701111,,,,,,,,False
2020-02-01,Flour,BLS,U.S. City Average,U.S. City Average,0.438,pound,"Flour, white, all purpose",APU0000701111,,,,,,,,False
2020-03-01,Flour,BLS,U.S. City Average,U.S. City Average,0.442,pound,"Flour, white, all purpose",APU0000701111,,,,,,,,False
2020-05-01,Flour,BLS,U.S. City Average,U.S. City Average,0.461,pound,"Flour, white, all purpose",APU0000701111,,,,,,,,False
2020-06-01,Flour,BLS,U.S. City Average,U.S. City Average,0.468,pound,"Flour, white, all purpose",APU0000701111,,,,,,,,False
2020-07-01,Flour,BLS,U.S. City Average,U.S. City Average,0.461,pound,"Flour, white, all purpose",APU0000701111,,,,,,,,False
2020-08-01,Flour,BLS,U.S. City Average,U.S. City Average,0.459,pound,"Flour, white, all purpose",APU0000701111,,,,,,,,False
2020-09-01,Flour,BLS,U.S. City Average,U.S. City Average,0.451,pound,"Flour, white, all purpose",APU0000701111,,,,,,,,False
2020-10-01,Flour,BLS,U.S. City Average,U.S. City Average,0.452,pound,"Flour, white, all purpose",APU0000701111,,,,,,,,False
2020-11-01,Flour,BLS,U.S. City Average,U.S. City Average,0.445,pound,"Flour, white, all purpose",APU0000701111,,,,,,,,False
2020-12-01,Flour,BLS,U.S. City Average,U.S. City Average,0.45,pound,"Flour, white, all purpose",APU0000701111,,,,,,,,False
2021-01-01,Flour,BLS,U.S. City Average,U.S. City Average,0.446,pound,"Flour, white, all purpose",APU0000701111,,,,,,,,False
2021-02-01,Flour,BLS,U.S. City Average,U.S. City Average,0.44,pound,"Flour, white, all purpose",APU0000701111,,,,,,,,False
2021-03-01,Flour,BLS,U.S. City Average,U.S. City Average,0.436,pound,"Flour, white, all purpose",APU0000701111,,,,,,,,False
2021-04-01,Flour,BLS,U.S. City Average,U.S. City Average,0.437,pound,"Flour, white, all purpose",APU0000701111,,,,,,,,False
2021-05-01,Flour,BLS,U.S. City Average,U.S. City Average,0.439,pound,"Flour, white, all purpose",APU0000701111,,,,,,,,False
2021-06-01,Flour,BLS,U.S. City Average,U.S. City Average,0.356,pound,"Flour, white, all purpose",APU0000701111,,,,,,,,False
2021-07-01,Flour,BLS,U.S. City Average,U.S. City Average,0.368,pound,"Flour, white, all purpose",APU0000701111,,,,,,,,False
2021-08-01,Flour,BLS,U.S. City Average,U.S. City Average,0.371,pound,"Flour, white, all purpose",APU0000701111,,,,,,,,False
2021-09-01,Flour,BLS,U.S. City Average,U.S. City Average,0.382,pound,"Flour, white, all purpose",APU0000701111,,,,,,,,False
2021-10-01,Flour,BLS,U.S. City Average,U.S. City Average,0.396,pound,"Flour, white, all purpose",APU0000701111,,,,,,,,False
2021-11-01,Flour,BLS,U.S. City Average,U.S. City Average,0.386,pound,"Flour, white, all purpose",APU0000701111,,,,,,,,False
2021-12-01,Flour,BLS,U.S. City Average,U.S. City Average,0.388,pound,"Flour, white, all purpose",APU0000701111,,,,,,,,False
2022-01-01,Flour,BLS,U.S. City Average,U.S. City Average,0.424,pound,"Flour, white, all purpose",APU0000701111,,,,,,,,False
2022-02-01,Flour,BLS,U.S. City Average,U.S. City Average,0.428,pound,"Flour, white, all purpose",APU0000701111,,,,,,,,False
2022-03-01,Flour,BLS,U.S. City Average,U.S. City Average,0.448,pound,"Flour, white, all purpose",APU0000701111,,,,,,,,False
2022-04-01,Flour,BLS,U.S. City Average,U.S. City Average,0.455,pound,"Flour, white, all purpose",APU0000701111,,,,,,,,False
2022-05-01,Flour,BLS,U.S. City Average,U.S. City Average,0.456,pound,"Flour, white, all purpose",APU0000701111,,,,,,,,False
2022-06-01,Flour,BLS,U.S. City Average,U.S. City Average,0.498,pound,"Flour, white, all purpose",APU0000701111,,,,,,,,False
2022-07-01,Flour,BLS,U.S. City Average,U.S. City Average,0.533,pound,"Flour, white, all purpose",APU0000701111,,,,,,,,False
2022-08-01,Flour,BLS,U.S. City Average,U.S. City Average,0.549,pound,"Flour, white, all purpose",APU0000701111,,,,,,,,False
2022-09-01,Flour,BLS,U.S. City Average,U.S. City Average,0.556,pound,"Flour, white, all purpose",APU0000701111,,,,,,,,False
2022-10-01,Flour,BLS,U.S. City Average,U.S. City Average,0.534,pound,"Flour, white, all purpose",APU0000701111,,,,,,,,False
2022-11-01,Flour,BLS,U.S. City Average,U.S. City Average,0.524,pound,"Flour, white, all purpose",APU0000701111,,,,,,,,False
2022-12-01,Flour,BLS,U.S. City Average,U.S. City Average,0.522,pound,"Flour, white, all purpose",APU0000701111,,,,,,,,False
2023-01-01,Flour,BLS,U.S. City Average,U.S. City Average,0.54,pound,"Flour, white, all purpose",APU0000701111,,,,,,,,False
2023-02-01,Flour,BLS,U.S. City Average,U.S. City Average,0.55,pound,"Flour, white, all purpose",APU0000701111,,,,,,,,False
2023-03-01,Flour,BLS,U.S. City Average,U.S. City Average,0.546,pound,"Flour, white, all purpose",APU0000701111,,,,,,,,False
2023-04-01,Flour,BLS,U.S. City Average,U.S. City Average,0.542,pound,"Flour, white, all purpose",APU0000701111,,,,,,,,False
2023-05-01,Flour,BLS,U.S. City Average,U.S. City Average,0.544,pound,"Flour, white, all purpose",APU0000701111,,,,,,,,False
2023-06-01,Flour,BLS,U.S. City Average,U.S. City Average,0.551,pound,"Flour, white, all purpose",APU0000701111,,,,,,,,False
2023-07-01,Flour,BLS,U.S. City Average,U.S. City Average,0.564,pound,"Flour, white, all purpose",APU0000701111,,,,,,,,False
2023-08-01,Flour,BLS,U.S. City Average,U.S. City Average,0.566,pound,"Flour, white, all purpose",APU0000701111,,,,,,,,False
2023-09-01,Flour,BLS,U.S. City Average,U.S. City Average,0.565,pound,"Flour, white, all purpose",APU0000701111,,,,,,,,False
2023-10-01,Flour,BLS,U.S. City Average,U.S. City Average,0.562,pound,"Flour, white, all purpose",APU0000701111,,,,,,,,False
2023-11-01,Flour,BLS,U.S. City Average,U.S. City Average,0.541,pound,"Flour, white, all purpose",APU0000701111,,,,,,,,False
2023-12-01,Flour,BLS,U.S. City Average,U.S. City Average,0.538,pound,"Flour, white, all purpose",APU0000701111,,,,,,,,False
2024-01-01,Flour,BLS,U.S. City Average,U.S. City Average,0.554,pound,"Flour, white, all purpose",APU0000701111,,,,,,,,False
2024-02-01,Flour,BLS,U.S. City Average,U.S. City Average,0.558,pound,"Flour, white, all purpose",APU0000701111,,,,,,,,False
2024-03-01,Flour,BLS,U.S. City Average,U.S. City Average,0.565,pound,"Flour, white, all purpose",APU0000701111,,,,,,,,False
2024-04-01,Flour,BLS,U.S. City Average,U.S. City Average,0.574,pound,"Flour, white, all purpose",APU0000701111,,,,,,,,False
2024-05-01,Flour,BLS,U.S. City Average,U.S. City Average,0.57,pound,"Flour, white, all purpose",APU0000701111,,,,,,,,False
2024-06-01,Flour,BLS,U.S. City Average,U.S. City Average,0.575,pound,"Flour, white, all purpose",APU0000701111,,,,,,,,False
2024-07-01,Flour,BLS,U.S. City Average,U.S. City Average,0.574,pound,"Flour, white, all purpose",APU0000701111,,,,,,,,False
2024-08-01,Flour,BLS,U.S. City Average,U.S. City Average,0.574,pound,"Flour, white, all purpose",APU0000701111,,,,,,,,False
2024-09-01,Flour,BLS,U.S. City Average,U.S. City Average,0.573,pound,"Flour, white, all purpose",APU0000701111,,,,,,,,False
2024-10-01,Flour,BLS,U.S. City Average,U.S. City Average,0.566,pound,"Flour, white, all purpose",APU0000701111,,,,,,,,False
2024-11-01,Flour,BLS,U.S. City Average,U.S. City Average,0.552,pound,"Flour, white, all purpose",APU0000701111,,,,,,,,False
2024-12-01,Flour,BLS,U.S. City Average,U.S. City Average,0.548,pound,"Flour, white, all purpose",APU0000701111,,,,,,,,False
2025-01-01,Flour,BLS,U.S. City Average,U.S. City Average,0.561,pound,"Flour, white, all purpose",APU0000701111,,,,,,,,False
2025-02-01,Flour,BLS,U.S. City Average,U.S. City Average,0.561,pound,"Flour, white, all purpose",APU0000701111,,,,,,,,False
2025-03-01,Flour,BLS,U.S. City Average,U.S. City Average,0.565,pound,"Flour, white, all purpose",APU0000701111,,,,,,,,False
2025-04-01,Flour,BLS,U.S. City Average,U.S. City Average,0.557,pound,"Flour, white, all purpose",APU0000701111,,,,,,,,False
2025-05-01,Flour,BLS,U.S. City Average,U.S. City Average,0.562,pound,"Flour, white, all purpose",APU0000701111,,,,,,,,False
2025-06-01,Flour,BLS,U.S. City Average,U.S. City Average,0.574,pound,"Flour, white, all purpose",APU0000701111,,,,,,,,False
2025-07-01,Flour,BLS,U.S. City Average,U.S. City Average,0.557,pound,"Flour, white, all purpose",APU0000701111,,,,,,,,False
2025-08-01,Flour,BLS,U.S. City Average,U.S. City Average,0.557,pound,"Flour, white, all purpose",APU0000701111,,,,,,,,False
2025-09-01,Flour,BLS,U.S. City Average,U.S. City Average,0.563,pound,"Flour, white, all purpose",APU0000701111,,,,,,,,False
2025-11-01,Flour,BLS,U.S. City Average,U.S. City Average,0.552,pound,"Flour, white, all purpose",APU0000701111,,,,,,,,False
2025-12-01,Flour,BLS,U.S. City Average,U.S. City Average,0.554,pound,"Flour, white, all purpose",APU0000701111,,,,,,,,False
2026-01-01,Flour,BLS,U.S. City Average,U.S. City Average,0.565,pound,"Flour, white, all purpose",APU0000701111,,,,,,,,False
2026-02-01,Flour,BLS,U.S. City Average,U.S. City Average,0.549,pound,"Flour, white, all purpose",APU0000701111,,,,,,,,False
2026-03-01,Flour,BLS,U.S. City Average,U.S. City Average,0.549,pound,"Flour, white, all purpose",APU0000701111,,,,,,,,False
2026-04-01,Flour,BLS,U.S. City Average,U.S. City Average,0.543,pound,"Flour, white, all purpose",APU0000701111,,,,,,,,False
2026-05-01,Flour,BLS,U.S. City Average,U.S. City Average,0.544,pound,"Flour, white, all purpose",APU0000701111,,,,,,,,False
2026-06-01,Flour,BLS,U.S. City Average,U.S. City Average,0.544,pound,"Flour, white, all purpose",APU0000701111,,,,,,,,False
2026-07-01,Flour,BLS,U.S. City Average,U.S. City Average,0.543,pound,"Flour, white, all purpose",APU0000701111,,,,,,,,False
2026-08-25,Flour,Kroger,Kroger On the Rhine,"Cincinnati, OH",0.518,pound,Kroger Bleached All Purpose Flour,0001111085402,5 lb,01400513,2.59,,2.59,0.518,,False
2026-08-26,Flour,Kroger,Kroger On the Rhine,"Cincinnati, OH",0.518,pound,Kroger Bleached All Purpose Flour,0001111085402,5 lb,01400513,2.59,,2.59,0.518,,False
2026-08-27,Flour,Kroger,Kroger On the Rhine,"Cincinnati, OH",0.518,pound,Kroger Bleached All Purpose Flour,0001111085402,5 lb,01400513,2.59,,2.59,0.518,,False
2026-08-28,Flour,Kroger,Kroger On the Rhine,"Cincinnati, OH",0.518,pound,Kroger Bleached All Purpose Flour,0001111085402,5 lb,01400513,2.59,,2.59,0.518,,False
2026-08-29,Flour,Kroger,Kroger On the Rhine,"Cincinnati, OH",0.518,pound,Kroger Bleached All Purpose Flour,0001111085402,5 lb,01400513,2.59,,2.59,0.518,,False
2026-08-30,Flour,Kroger,Kroger On the Rhine,"Cincinnati, OH",0.518,pound,Kroger Bleached All Purpose Flour,0001111085402,5 lb,01400513,2.59,,2.59,0.518,,False
2026-08-31,Flour,Kroger,Kroger On the Rhine,"Cincinnati, OH",0.518,pound,Kroger Bleached All Purpose Flour,0001111085402,5 lb,01400513,2.59,,2.59,0.518,,False
2026-09-01,Flour,Kroger,Kroger On the Rhine,"Cincinnati, OH",0.518,pound,Kroger Bleached All Purpose Flour,0001111085402,5 lb,01400513,2.59,,2.59,0.518,,False
2026-09-02,Flour,Kroger,Kroger On the Rhine,"Cincinnati, OH",0.518,pound,Kroger Bleached All Purpose Flour,0001111085402,5 lb,01400513,2.59,,2.59,0.518,,False
2026-09-03,Flour,Kroger,Kroger On the Rhine,"Cincinnati, OH",0.518,pound,Kroger Bleached All Purpose Flour,0001111085402,5 lb,01400513,2.59,,2.59,0.518,,False
2026-09-04,Flour,Kroger,Kroger On the Rhine,"Cincinnati, OH",0.518,pound,Kroger Bleached All Purpose Flour,0001111085402,5 lb,01400513,2.59,,2.59,0.518,,False
2026-09-05,Flour,Kroger,Kroger On the Rhine,"Cincinnati, OH",0.518,pound,Kroger Bleached All Purpose Flour,0001111085402,5 lb,01400513,2.59,,2.59,0.518,,False
2026-09-06,Flour,Kroger,Kroger On the Rhine,"Cincinnati, OH",0.518,pound,Kroger Bleached All Purpose Flour,0001111085402,5 lb,01400513,2.59,,2.59,0.518,,False
2026-09-07,Flour,Kroger,Kroger On the Rhine,"Cincinnati, OH",0.518,pound,Kroger Bleached All Purpose Flour,0001111085402,5 lb,01400513,2.59,,2.59,0.518,,False
2026-09-08,Flour,Kroger,Kroger On the Rhine,"Cincinnati, OH",0.518,pound,Kroger Bleached All Purpose Flour,0001111085402,5 lb,01400513,2.59,,2.59,0.518,,False
2026-09-09,Flour,Kroger,Kroger On the Rhine,"Cincinnati, OH",0.518,pound,Kroger Bleached All Purpose Flour,0001111085402,5 lb,01400513,2.59,,2.59,0.518,,False
2026-09-10,Flour,Kroger,Kroger On the Rhine,"Cincinnati, OH",0.518,pound,Kroger Bleached All Purpose Flour,0001111085402,5 lb,01400513,2.59,,2.59,0.518,,False
2026-09-11,Flour,Kroger,Kroger On the Rhine,"Cincinnati, OH",0.518,pound,Kroger Bleached All Purpose Flour,0001111085402,5 lb,01400513,2.59,,2.59,0.518,,False
2026-09-12,Flour,Kroger,Kroger On the Rhine,"Cincinnati, OH",0.518,pound,Kroger Bleached All Purpose Flour,0001111085402,5 lb,01400513,2.59,,2.59,0.518,,False
2026-09-13,Flour,Kroger,Kroger On the Rhine,"Cincinnati, OH",0.518,pound,Kroger Bleached All Purpose Flour,0001111085402,5 lb,01400513,2.59,,2.59,0.518,,False
2026-09-14,Flour,Kroger,Kroger On the Rhine,"Cincinnati, OH",0.518,pound,Kroger Bleached All Purpose Flour,0001111085402,5 lb,01400513,2.59,,2.59,0.518,,False
2017-01-01,Ground Beef,BLS,U.S. City Average,U.S. City Average,4.057,pound,All uncooked ground beef,APU0000FC1101,,,,,,,,False
2017-02-01,Ground Beef,BLS,U.S. City Average,U.S. City Average,4.029,pound,All uncooked ground beef,APU0000FC1101,,,,,,,,False
2017-03-01,Ground Beef,BLS,U.S. City Average,U.S. City Average,4.067,pound,All uncooked ground beef,APU0000FC1101,,,,,,,,False
2017-04-01,Ground Beef,BLS,U.S. City Average,U.S. City Average,4.078,pound,All uncooked ground beef,APU0000FC1101,,,,,,,,False
2017-05-01,Ground Beef,BLS,U.S. City Average,U.S. City Average,4.078,pound,All uncooked ground beef,APU0000FC1101,,,,,,,,False
2017-06-01,Ground Beef,BLS,U.S. City Average,U.S. City Average,4.16,pound,All uncooked ground beef,APU0000FC1101,,,,,,,,False
2017-07-01,Ground Beef,BLS,U.S. City Average,U.S. City Average,4.212,pound,All uncooked ground beef,APU0000FC1101,,,,,,,,False
2017-08-01,Ground Beef,BLS,U.S. City Average,U.S. City Average,4.207,pound,All uncooked ground beef,APU0000FC1101,,,,,,,,False
2017-09-01,Ground Beef,BLS,U.S. City Average,U.S. City Average,4.207,pound,All uncooked ground beef,APU0000FC1101,,,,,,,,False
2017-10-01,Ground Beef,BLS,U.S. City Average,U.S. City Average,4.1,pound,All uncooked ground beef,APU0000FC1101,,,,,,,,False
2017-11-01,Ground Beef,BLS,U.S. City Average,U.S. City Average,4.102,pound,All uncooked ground beef,APU0000FC1101,,,,,,,,False
2017-12-01,Ground Beef,BLS,U.S. City Average,U.S. City Average,4.128,pound,All uncooked ground beef,APU0000FC1101,,,,,,,,False
2018-01-01,Ground Beef,BLS,U.S. City Average,U.S. City Average,4.068,pound,All uncooked ground beef,APU0000FC1101,,,,,,,,False
2018-02-01,Ground Beef,BLS,U.S. City Average,U.S. City Average,4.07,pound,All uncooked ground beef,APU0000FC1101,,,,,,,,False
2018-03-01,Ground Beef,BLS,U.S. City Average,U.S. City Average,4.099,pound,All uncooked ground beef,APU0000FC1101,,,,,,,,False
2018-04-01,Ground Beef,BLS,U.S. City Average,U.S. City Average,4.155,pound,All uncooked ground beef,APU0000FC1101,,,,,,,,False
2018-05-01,Ground Beef,BLS,U.S. City Average,U.S. City Average,4.079,pound,All uncooked ground beef,APU0000FC1101,,,,,,,,False
2018-06-01,Ground Beef,BLS,U.S. City Average,U.S. City Average,4.115,pound,All uncooked ground beef,APU0000FC1101,,,,,,,,False
2018-07-01,Ground Beef,BLS,U.S. City Average,U.S. City Average,4.149,pound,All uncooked ground beef,APU0000FC1101,,,,,,,,False
2018-08-01,Ground Beef,BLS,U.S. City Average,U.S. City Average,4.155,pound,All uncooked ground beef,APU0000FC1101,,,,,,,,False
2018-09-01,Ground Beef,BLS,U.S. City Average,U.S. City Average,4.12,pound,All uncooked ground beef,APU0000FC1101,,,,,,,,False
2018-10-01,Ground Beef,BLS,U.S. City Average,U.S. City Average,4.091,pound,All uncooked ground beef,APU0000FC1101,,,,,,,,False
2018-11-01,Ground Beef,BLS,U.S. City Average,U.S. City Average,4.166,pound,All uncooked ground beef,APU0000FC1101,,,,,,,,False
2018-12-01,Ground Beef,BLS,U.S. City Average,U.S. City Average,4.139,pound,All uncooked ground beef,APU0000FC1101,,,,,,,,False
2019-01-01,Ground Beef,BLS,U.S. City Average,U.S. City Average,4.173,pound,All uncooked ground beef,APU0000FC1101,,,,,,,,False
2019-02-01,Ground Beef,BLS,U.S. City Average,U.S. City Average,4.169,pound,All uncooked ground beef,APU0000FC1101,,,,,,,,False
2019-03-01,Ground Beef,BLS,U.S. City Average,U.S. City Average,4.138,pound,All uncooked ground beef,APU0000FC1101,,,,,,,,False
2019-04-01,Ground Beef,BLS,U.S. City Average,U.S. City Average,4.198,pound,All uncooked ground beef,APU0000FC1101,,,,,,,,False
2019-05-01,Ground Beef,BLS,U.S. City Average,U.S. City Average,4.277,pound,All uncooked ground beef,APU0000FC1101,,,,,,,,False
2019-06-01,Ground Beef,BLS,U.S. City Average,U.S. City Average,4.231,pound,All uncooked ground beef,APU0000FC1101,,,,,,,,False
2019-07-01,Ground Beef,BLS,U.S. City Average,U.S. City Average,4.258,pound,All uncooked ground beef,APU0000FC1101,,,,,,,,False
2019-08-01,Ground Beef,BLS,U.S. City Average,U.S. City Average,4.249,pound,All uncooked ground beef,APU0000FC1101,,,,,,,,False
2019-09-01,Ground Beef,BLS,U.S. City Average,U.S. City Average,4.209,pound,All uncooked ground beef,APU0000FC1101,,,,,,,,False
2019-10-01,Ground Beef,BLS,U.S. City Average,U.S. City Average,4.262,pound,All uncooked ground beef,APU0000FC1101,,,,,,,,False
2019-11-01,Ground Beef,BLS,U.S. City Average,U.S. City Average,4.241,pound,All uncooked ground beef,APU0000FC1101,,,,,,,,False
2019-12-01,Ground Beef,BLS,U.S. City Average,U.S. City Average,4.3,pound,All uncooked ground beef,APU0000FC1101,,,,,,,,False
2020-01-01,Ground Beef,BLS,U.S. City Average,U.S. City Average,4.343,pound,All uncooked ground beef,APU0000FC1101,,,,,,,,False
2020-02-01,Ground Beef,BLS,U.S. City Average,U.S. City Average,4.298,pound,All uncooked ground beef,APU0000FC1101,,,,,,,,False
2020-03-01,Ground Beef,BLS,U.S. City Average,U.S. City Average,4.355,pound,All uncooked ground beef,APU0000FC1101,,,,,,,,False
2020-04-01,Ground Beef,BLS,U.S. City Average,U.S. City Average,4.556,pound,All uncooked ground beef,APU0000FC1101,,,,,,,,False
2020-05-01,Ground Beef,BLS,U.S. City Average,U.S. City Average,4.931,pound,All uncooked ground beef,APU0000FC1101,,,,,,,,False
2020-06-01,Ground Beef,BLS,U.S. City Average,U.S. City Average,5.291,pound,All uncooked ground beef,APU0000FC1101,,,,,,,,False
2020-07-01,Ground Beef,BLS,U.S. City Average,U.S. City Average,4.84,pound,All uncooked ground beef,APU0000FC1101,,,,,,,,False
2020-08-01,Ground Beef,BLS,U.S. City Average,U.S. City Average,4.64,pound,All uncooked ground beef,APU0000FC1101,,,,,,,,False
2020-09-01,Ground Beef,BLS,U.S. City Average,U.S. City Average,4.547,pound,All uncooked ground beef,APU0000FC1101,,,,,,,,False
2020-10-01,Ground Beef,BLS,U.S. City Average,U.S. City Average,4.552,pound,All uncooked ground beef,APU0000FC1101,,,,,,,,False
2020-11-01,Ground Beef,BLS,U.S. City Average,U.S. City Average,4.596,pound,All uncooked ground beef,APU0000FC1101,,,,,,,,False
2020-12-01,Ground Beef,BLS,U.S. City Average,U.S. City Average,4.555,pound,All uncooked ground beef,APU0000FC1101,,,,,,,,False
2021-01-01,Ground Beef,BLS,U.S. City Average,U.S. City Average,4.543,pound,All uncooked ground beef,APU0000FC1101,,,,,,,,False
2021-02-01,Ground Beef,BLS,U.S. City Average,U.S. City Average,4.556,pound,All uncooked ground beef,APU0000FC1101,,,,,,,,False
2021-03-01,Ground Beef,BLS,U.S. City Average,U.S. City Average,4.648,pound,All uncooked ground beef,APU0000FC1101,,,,,,,,False
2021-04-01,Ground Beef,BLS,U.S. City Average,U.S. City Average,4.656,pound,All uncooked ground beef,APU0000FC1101,,,,,,,,False
2021-05-01,Ground Beef,BLS,U.S. City Average,U.S. City Average,4.703,pound,All uncooked ground beef,APU0000FC1101,,,,,,,,False
2021-06-01,Ground Beef,BLS,U.S. City Average,U.S. City Average,4.869,pound,All uncooked ground beef,APU0000FC1101,,,,,,,,False
2021-07-01,Ground Beef,BLS,U.S. City Average,U.S. City Average,4.846,pound,All uncooked ground beef,APU0000FC1101,,,,,,,,False
2021-08-01,Ground Beef,BLS,U.S. City Average,U.S. City Average,4.964,pound,All uncooked ground beef,APU0000FC1101,,,,,,,,False
2021-09-01,Ground Beef,BLS,U.S. City Average,U.S. City Average,5.051,pound,All uncooked ground beef,APU0000FC1101,,,,,,,,False
2021-10-01,Ground Beef,BLS,U.S. City Average,U.S. City Average,5.237,pound,All uncooked ground beef,APU0000FC1101,,,,,,,,False
2021-11-01,Ground Beef,BLS,U.S. City Average,U.S. City Average,5.261,pound,All uncooked ground beef,APU0000FC1101,,,,,,,,False
2021-12-01,Ground Beef,BLS,U.S. City Average,U.S. City Average,5.174,pound,All uncooked ground beef,APU0000FC1101,,,,,,,,False
2022-01-01,Ground Beef,BLS,U.S. City Average,U.S. City Average,5.17,pound,All uncooked ground beef,APU0000FC1101,,,,,,,,False
2022-02-01,Ground Beef,BLS,U.S. City Average,U.S. City Average,5.199,pound,All uncooked ground beef,APU0000FC1101,,,,,,,,False
2022-03-01,Ground Beef,BLS,U.S. City Average,U.S. City Average,5.342,pound,All uncooked ground beef,APU0000FC1101,,,,,,,,False
2022-04-01,Ground Beef,BLS,U.S. City Average,U.S. City Average,5.414,pound,All uncooked ground beef,APU0000FC1101,,,,,,,,False
2022-05-01,Ground Beef,BLS,U.S. City Average,U.S. City Average,5.332,pound,All uncooked ground beef,APU0000FC1101,,,,,,,,False
2022-06-01,Ground Beef,BLS,U.S. City Average,U.S. City Average,5.402,pound,All uncooked ground beef,APU0000FC1101,,,,,,,,False
2022-07-01,Ground Beef,BLS,U.S. City Average,U.S. City Average,5.426,pound,All uncooked ground beef,APU0000FC1101,,,,,,,,False
2022-08-01,Ground Beef,BLS,U.S. City Average,U.S. City Average,5.456,pound,All uncooked ground beef,APU0000FC1101,,,,,,,,False
2022-09-01,Ground Beef,BLS,U.S. City Average,U.S. City Average,5.332,pound,All uncooked ground beef,APU0000FC1101,,,,,,,,False
2022-10-01,Ground Beef,BLS,U.S. City Average,U.S. City Average,5.298,pound,All uncooked ground beef,APU0000FC1101,,,,,,,,False
2022-11-01,Ground Beef,BLS,U.S. City Average,U.S. City Average,5.206,pound,All uncooked ground beef,APU0000FC1101,,,,,,,,False
2022-12-01,Ground Beef,BLS,U.S. City Average,U.S. City Average,5.186,pound,All uncooked ground beef,APU0000FC1101,,,,,,,,False
2023-01-01,Ground Beef,BLS,U.S. City Average,U.S. City Average,5.171,pound,All uncooked ground beef,APU0000FC1101,,,,,,,,False
2023-02-01,Ground Beef,BLS,U.S. City Average,U.S. City Average,5.207,pound,All uncooked ground beef,APU0000FC1101,,,,,,,,False
2023-03-01,Ground Beef,BLS,U.S. City Average,U.S. City Average,5.194,pound,All uncooked ground beef,APU0000FC1101,,,,,,,,False
2023-04-01,Ground Beef,BLS,U.S. City Average,U.S. City Average,5.247,pound,All uncooked ground beef,APU0000FC1101,,,,,,,,False
2023-05-01,Ground Beef,BLS,U.S. City Average,U.S. City Average,5.355,pound,All uncooked ground beef,APU0000FC1101,,,,,,,,False
2023-06-01,Ground Beef,BLS,U.S. City Average,U.S. City Average,5.435,pound,All uncooked ground beef,APU0000FC1101,,,,,,,,False
2023-07-01,Ground Beef,BLS,U.S. City Average,U.S. City Average,5.537,pound,All uncooked ground beef,APU0000FC1101,,,,,,,,False
2023-08-01,Ground Beef,BLS,U.S. City Average,U.S. City Average,5.554,pound,All uncooked ground beef,APU0000FC1101,,,,,,,,False
2023-09-01,Ground Beef,BLS,U.S. City Average,U.S. City Average,5.57,pound,All uncooked ground beef,APU0000FC1101,,,,,,,,False
2023-10-01,Ground Beef,BLS,U.S. City Average,U.S. City Average,5.666,pound,All uncooked ground beef,APU0000FC1101,,,,,,,,False
2023-11-01,Ground Beef,BLS,U.S. City Average,U.S. City Average,5.643,pound,All uncooked ground beef,APU0000FC1101,,,,,,,,False
2023-12-01,Ground Beef,BLS,U.S. City Average,U.S. City Average,5.566,pound,All uncooked ground beef,APU0000FC1101,,,,,,,,False
2024-01-01,Ground Beef,BLS,U.S. City Average,U.S. City Average,5.475,pound,All uncooked ground beef,APU0000FC1101,,,,,,,,False
2024-02-01,Ground Beef,BLS,U.S. City Average,U.S. City Average,5.479,pound,All uncooked ground beef,APU0000FC1101,,,,,,,,False
2024-03-01,Ground Beef,BLS,U.S. City Average,U.S. City Average,5.522,pound,All uncooked ground beef,APU0000FC1101,,,,,,,,False
2024-04-01,Ground Beef,BLS,U.S. City Average,U.S. City Average,5.561,pound,All uncooked ground beef,APU0000FC1101,,,,,,,,False
2024-05-01,Ground Beef,BLS,U.S. City Average,U.S. City Average,5.603,pound,All uncooked ground beef,APU0000FC1101,,,,,,,,False
2024-06-01,Ground Beef,BLS,U.S. City Average,U.S. City Average,5.712,pound,All uncooked ground beef,APU0000FC1101,,,,,,,,False
2024-07-01,Ground Beef,BLS,U.S. City Average,U.S. City Average,5.799,pound,All uncooked ground beef,APU0000FC1101,,,,,,,,False
2024-08-01,Ground Beef,BLS,U.S. City Average,U.S. City Average,5.867,pound,All uncooked ground beef,APU0000FC1101,,,,,,,,False
2024-09-01,Ground Beef,BLS,U.S. City Average,U.S. City Average,5.917,pound,All uncooked ground beef,APU0000FC1101,,,,,,,,False
2024-10-01,Ground Beef,BLS,U.S. City Average,U.S. City Average,5.887,pound,All uncooked ground beef,APU0000FC1101,,,,,,,,False
2024-11-01,Ground Beef,BLS,U.S. City Average,U.S. City Average,5.874,pound,All uncooked ground beef,APU0000FC1101,,,,,,,,False
2024-12-01,Ground Beef,BLS,U.S. City Average,U.S. City Average,5.863,pound,All uncooked ground beef,APU0000FC1101,,,,,,,,False
2025-01-01,Ground Beef,BLS,U.S. City Average,U.S. City Average,5.82,pound,All uncooked ground beef,APU0000FC1101,,,,,,,,False
2025-02-01,Ground Beef,BLS,U.S. City Average,U.S. City Average,5.961,pound,All uncooked ground beef,APU0000FC1101,,,,,,,,False
2025-03-01,Ground Beef,BLS,U.S. City Average,U.S. City Average,6.137,pound,All uncooked ground beef,APU0000FC1101,,,,,,,,False
2025-04-01,Ground Beef,BLS,U.S. City Average,U.S. City Average,6.142,pound,All uncooked ground beef,APU0000FC1101,,,,,,,,False
2025-05-01,Ground Beef,BLS,U.S. City Average,U.S. City Average,6.245,pound,All uncooked ground beef,APU0000FC1101,,,,,,,,False
2025-06-01,Ground Beef,BLS,U.S. City Average,U.S. City Average,6.342,pound,All uncooked ground beef,APU0000FC1101,,,,,,,,False
2025-07-01,Ground Beef,BLS,U.S. City Average,U.S. City Average,6.504,pound,All uncooked ground beef,APU0000FC1101,,,,,,,,False
2025-08-01,Ground Beef,BLS,U.S. City Average,U.S. City Average,6.631,pound,All uncooked ground beef,APU0000FC1101,,,,,,,,False
2025-09-01,Ground Beef,BLS,U.S. City Average,U.S. City Average,6.643,pound,All uncooked ground beef,APU0000FC1101,,,,,,,,False
2025-11-01,Ground Beef,BLS,U.S. City Average,U.S. City Average,6.781,pound,All uncooked ground beef,APU0000FC1101,,,,,,,,False
2025-12-01,Ground Beef,BLS,U.S. City Average,U.S. City Average,6.821,pound,All uncooked ground beef,APU0000FC1101,,,,,,,,False
2026-01-01,Ground Beef,BLS,U.S. City Average,U.S. City Average,6.868,pound,All uncooked ground beef,APU0000FC1101,,,,,,,,False
2026-02-01,Ground Beef,BLS,U.S. City Average,U.S. City Average,6.895,pound,All uncooked ground beef,APU0000FC1101,,,,,,,,False
2026-03-01,Ground Beef,BLS,U.S. City Average,U.S. City Average,6.863,pound,All uncooked ground beef,APU0000FC1101,,,,,,,,False
2026-04-01,Ground Beef,BLS,U.S. City Average,U.S. City Average,7.056,pound,All uncooked ground beef,APU0000FC1101,,,,,,,,False
2026-05-01,Ground Beef,BLS,U.S. City Average,U.S. City Average,7.064,pound,All uncooked ground beef,APU0000FC1101,,,,,,,,False
2026-06-01,Ground Beef,BLS,U.S. City Average,U.S. City Average,7.141,pound,All uncooked ground beef,APU0000FC1101,,,,,,,,False
2026-07-01,Ground Beef,BLS,U.S. City Average,U.S. City Average,7.116,pound,All uncooked ground beef,APU0000FC1101,,,,,,,,False
2026-08-25,Ground Beef,Kroger,Kroger On the Rhine,"Cincinnati, OH",6.99,pound,Kroger 80/20 Ground Beef Tray,0001111069982,1 lb,01400513,7.99,6.99,6.99,7.99,6.99,True
2026-08-26,Ground Beef,Kroger,Kroger On the Rhine,"Cincinnati, OH",7.49,pound,Kroger 80/20 Ground Beef Tray,0001111069982,1 lb,01400513,7.49,,7.49,7.49,,False
2026-08-27,Ground Beef,Kroger,Kroger On the Rhine,"Cincinnati, OH",7.49,pound,Kroger 80/20 Ground Beef Tray,0001111069982,1 lb,01400513,7.49,,7.49,7.49,,False
2026-08-28,Ground Beef,Kroger,Kroger On the Rhine,"Cincinnati, OH",7.49,pound,Kroger 80/20 Ground Beef Tray,0001111069982,1 lb,01400513,7.49,,7.49,7.49,,False
2026-08-29,Ground Beef,Kroger,Kroger On the Rhine,"Cincinnati, OH",7.49,pound,Kroger 80/20 Ground Beef Tray,0001111069982,1 lb,01400513,7.49,,7.49,7.49,,False
2026-08-30,Ground Beef,Kroger,Kroger On the Rhine,"Cincinnati, OH",7.49,pound,Kroger 80/20 Ground Beef Tray,0001111069982,1 lb,01400513,7.49,,7.49,7.49,,False
2026-08-31,Ground Beef,Kroger,Kroger On the Rhine,"Cincinnati, OH",7.49,pound,Kroger 80/20 Ground Beef Tray,0001111069982,1 lb,01400513,7.49,,7.49,7.49,,False
2026-09-01,Ground Beef,Kroger,Kroger On the Rhine,"Cincinnati, OH",7.49,pound,Kroger 80/20 Ground Beef Tray,0001111069982,1 lb,01400513,7.49,,7.49,7.49,,False
2026-09-02,Ground Beef,Kroger,Kroger On the Rhine,"Cincinnati, OH",7.49,pound,Kroger 80/20 Ground Beef Tray,0001111069982,1 lb,01400513,7.49,,7.49,7.49,,False
2026-09-03,Ground Beef,Kroger,Kroger On the Rhine,"Cincinnati, OH",7.49,pound,Kroger 80/20 Ground Beef Tray,0001111069982,1 lb,01400513,7.49,,7.49,7.49,,False
2026-09-04,Ground Beef,Kroger,Kroger On the Rhine,"Cincinnati, OH",7.49,pound,Kroger 80/20 Ground Beef Tray,0001111069982,1 lb,01400513,7.49,,7.49,7.49,,False
2026-09-05,Ground Beef,Kroger,Kroger On the Rhine,"Cincinnati, OH",7.49,pound,Kroger 80/20 Ground Beef Tray,0001111069982,1 lb,01400513,7.49,,7.49,7.49,,False
2026-09-06,Ground Beef,Kroger,Kroger On the Rhine,"Cincinnati, OH",7.49,pound,Kroger 80/20 Ground Beef Tray,0001111069982,1 lb,01400513,7.49,,7.49,7.49,,False
2026-09-07,Ground Beef,Kroger,Kroger On the Rhine,"Cincinnati, OH",7.49,pound,Kroger 80/20 Ground Beef Tray,0001111069982,1 lb,01400513,7.49,,7.49,7.49,,False
2026-09-08,Ground Beef,Kroger,Kroger On the Rhine,"Cincinnati, OH",7.49,pound,Kroger 80/20 Ground Beef Tray,0001111069982,1 lb,01400513,7.49,,7.49,7.49,,False
2026-09-09,Ground Beef,Kroger,Kroger On the Rhine,"Cincinnati, OH",7.49,pound,Kroger 80/20 Ground Beef Tray,0001111069982,1 lb,01400513,7.49,,7.49,7.49,,False
2026-09-10,Ground Beef,Kroger,Kroger On the Rhine,"Cincinnati, OH",7.49,pound,Kroger 80/20 Ground Beef Tray,0001111069982,1 lb,01400513,7.49,,7.49,7.49,,False
2026-09-11,Ground Beef,Kroger,Kroger On the Rhine,"Cincinnati, OH",7.49,pound,Kroger 80/20 Ground Beef Tray,0001111069982,1 lb,01400513,7.49,,7.49,7.49,,False
2026-09-12,Ground Beef,Kroger,Kroger On the Rhine,"Cincinnati, OH",7.49,pound,Kroger 80/20 Ground Beef Tray,0001111069982,1 lb,01400513,7.49,,7.49,7.49,,False
2026-09-13,Ground Beef,Kroger,Kroger On the Rhine,"Cincinnati, OH",7.49,pound,Kroger 80/20 Ground Beef Tray,0001111069982,1 lb,01400513,7.49,,7.49,7.49,,False
2026-09-14,Ground Beef,Kroger,Kroger On the Rhine,"Cincinnati, OH",7.49,pound,Kroger 80/20 Ground Beef Tray,0001111069982,1 lb,01400513,7.49,,7.49,7.49,,False
2017-01-01,Milk,BLS,U.S. City Average,U.S. City Average,3.318,gallon,"Milk, fresh, whole, fortified",APU0000709112,,,,,,,,False
2017-02-01,Milk,BLS,U.S. City Average,U.S. City Average,3.3,gallon,"Milk, fresh, whole, fortified",APU0000709112,,,,,,,,False
2017-03-01,Milk,BLS,U.S. City Average,U.S. City Average,3.315,gallon,"Milk, fresh, whole, fortified",APU0000709112,,,,,,,,False
2017-04-01,Milk,BLS,U.S. City Average,U.S. City Average,3.259,gallon,"Milk, fresh, whole, fortified",APU0000709112,,,,,,,,False
2017-05-01,Milk,BLS,U.S. City Average,U.S. City Average,3.242,gallon,"Milk, fresh, whole, fortified",APU0000709112,,,,,,,,False
2017-06-01,Milk,BLS,U.S. City Average,U.S. City Average,3.213,gallon,"Milk, fresh, whole, fortified",APU0000709112,,,,,,,,False
2017-07-01,Milk,BLS,U.S. City Average,U.S. City Average,3.219,gallon,"Milk, fresh, whole, fortified",APU0000709112,,,,,,,,False
2017-08-01,Milk,BLS,U.S. City Average,U.S. City Average,3.168,gallon,"Milk, fresh, whole, fortified",APU0000709112,,,,,,,,False
2017-09-01,Milk,BLS,U.S. City Average,U.S. City Average,3.209,gallon,"Milk, fresh, whole, fortified",APU0000709112,,,,,,,,False
2017-10-01,Milk,BLS,U.S. City Average,U.S. City Average,3.158,gallon,"Milk, fresh, whole, fortified",APU0000709112,,,,,,,,False
2017-11-01,Milk,BLS,U.S. City Average,U.S. City Average,3.15,gallon,"Milk, fresh, whole, fortified",APU0000709112,,,,,,,,False
2017-12-01,Milk,BLS,U.S. City Average,U.S. City Average,3.155,gallon,"Milk, fresh, whole, fortified",APU0000709112,,,,,,,,False
2018-01-01,Milk,BLS,U.S. City Average,U.S. City Average,2.961,gallon,"Milk, fresh, whole, fortified",APU0000709112,,,,,,,,False
2018-02-01,Milk,BLS,U.S. City Average,U.S. City Average,2.923,gallon,"Milk, fresh, whole, fortified",APU0000709112,,,,,,,,False
2018-03-01,Milk,BLS,U.S. City Average,U.S. City Average,2.903,gallon,"Milk, fresh, whole, fortified",APU0000709112,,,,,,,,False
2018-04-01,Milk,BLS,U.S. City Average,U.S. City Average,2.924,gallon,"Milk, fresh, whole, fortified",APU0000709112,,,,,,,,False
2018-05-01,Milk,BLS,U.S. City Average,U.S. City Average,2.919,gallon,"Milk, fresh, whole, fortified",APU0000709112,,,,,,,,False
2018-06-01,Milk,BLS,U.S. City Average,U.S. City Average,2.877,gallon,"Milk, fresh, whole, fortified",APU0000709112,,,,,,,,False
2018-07-01,Milk,BLS,U.S. City Average,U.S. City Average,2.839,gallon,"Milk, fresh, whole, fortified",APU0000709112,,,,,,,,False
2018-08-01,Milk,BLS,U.S. City Average,U.S. City Average,2.871,gallon,"Milk, fresh, whole, fortified",APU0000709112,,,,,,,,False
2018-09-01,Milk,BLS,U.S. City Average,U.S. City Average,2.89,gallon,"Milk, fresh, whole, fortified",APU0000709112,,,,,,,,False
2018-10-01,Milk,BLS,U.S. City Average,U.S. City Average,2.913,gallon,"Milk, fresh, whole, fortified",APU0000709112,,,,,,,,False
2018-11-01,Milk,BLS,U.S. City Average,U.S. City Average,2.877,gallon,"Milk, fresh, whole, fortified",APU0000709112,,,,,,,,False
2018-12-01,Milk,BLS,U.S. City Average,U.S. City Average,2.853,gallon,"Milk, fresh, whole, fortified",APU0000709112,,,,,,,,False
2019-01-01,Milk,BLS,U.S. City Average,U.S. City Average,2.913,gallon,"Milk, fresh, whole, fortified",APU0000709112,,,,,,,,False
2019-02-01,Milk,BLS,U.S. City Average,U.S. City Average,2.9,gallon,"Milk, fresh, whole, fortified",APU0000709112,,,,,,,,False
2019-03-01,Milk,BLS,U.S. City Average,U.S. City Average,2.944,gallon,"Milk, fresh, whole, fortified",APU0000709112,,,,,,,,False
2019-04-01,Milk,BLS,U.S. City Average,U.S. City Average,2.98,gallon,"Milk, fresh, whole, fortified",APU0000709112,,,,,,,,False
2019-05-01,Milk,BLS,U.S. City Average,U.S. City Average,2.963,gallon,"Milk, fresh, whole, fortified",APU0000709112,,,,,,,,False
2019-06-01,Milk,BLS,U.S. City Average,U.S. City Average,3.054,gallon,"Milk, fresh, whole, fortified",APU0000709112,,,,,,,,False
2019-07-01,Milk,BLS,U.S. City Average,U.S. City Average,3.031,gallon,"Milk, fresh, whole, fortified",APU0000709112,,,,,,,,False
2019-08-01,Milk,BLS,U.S. City Average,U.S. City Average,3.045,gallon,"Milk, fresh, whole, fortified",APU0000709112,,,,,,,,False
2019-09-01,Milk,BLS,U.S. City Average,U.S. City Average,3.102,gallon,"Milk, fresh, whole, fortified",APU0000709112,,,,,,,,False
2019-10-01,Milk,BLS,U.S. City Average,U.S. City Average,3.119,gallon,"Milk, fresh, whole, fortified",APU0000709112,,,,,,,,False
2019-11-01,Milk,BLS,U.S. City Average,U.S. City Average,3.189,gallon,"Milk, fresh, whole, fortified",APU0000709112,,,,,,,,False
2019-12-01,Milk,BLS,U.S. City Average,U.S. City Average,3.188,gallon,"Milk, fresh, whole, fortified",APU0000709112,,,,,,,,False
2020-01-01,Milk,BLS,U.S. City Average,U.S. City Average,3.253,gallon,"Milk, fresh, whole, fortified",APU0000709112,,,,,,,,False
2020-02-01,Milk,BLS,U.S. City Average,U.S. City Average,3.196,gallon,"Milk, fresh, whole, fortified",APU0000709112,,,,,,,,False
2020-03-01,Milk,BLS,U.S. City Average,U.S. City Average,3.248,gallon,"Milk, fresh, whole, fortified",APU0000709112,,,,,,,,False
2020-04-01,Milk,BLS,U.S. City Average,U.S. City Average,3.267,gallon,"Milk, fresh, whole, fortified",APU0000709112,,,,,,,,False
2020-05-01,Milk,BLS,U.S. City Average,U.S. City Average,3.21,gallon,"Milk, fresh, whole, fortified",APU0000709112,,,,,,,,False
2020-06-01,Milk,BLS,U.S. City Average,U.S. City Average,3.198,gallon,"Milk, fresh, whole, fortified",APU0000709112,,,,,,,,False
2020-07-01,Milk,BLS,U.S. City Average,U.S. City Average,3.255,gallon,"Milk, fresh, whole, fortified",APU0000709112,,,,,,,,False
2020-08-01,Milk,BLS,U.S. City Average,U.S. City Average,3.406,gallon,"Milk, fresh, whole, fortified",APU0000709112,,,,,,,,False
2020-09-01,Milk,BLS,U.S. City Average,U.S. City Average,3.448,gallon,"Milk, fresh, whole, fortified",APU0000709112,,,,,,,,False
2020-10-01,Milk,BLS,U.S. City Average,U.S. City Average,3.38,gallon,"Milk, fresh, whole, fortified",APU0000709112,,,,,,,,False
2020-11-01,Milk,BLS,U.S. City Average,U.S. City Average,3.425,gallon,"Milk, fresh, whole, fortified",APU0000709112,,,,,,,,False
2020-12-01,Milk,BLS,U.S. City Average,U.S. City Average,3.535,gallon,"Milk, fresh, whole, fortified",APU0000709112,,,,,,,,False
2021-01-01,Milk,BLS,U.S. City Average,U.S. City Average,3.468,gallon,"Milk, fresh, whole, fortified",APU0000709112,,,,,,,,False
2021-02-01,Milk,BLS,U.S. City Average,U.S. City Average,3.368,gallon,"Milk, fresh, whole, fortified",APU0000709112,,,,,,,,False
2021-03-01,Milk,BLS,U.S. City Average,U.S. City Average,3.348,gallon,"Milk, fresh, whole, fortified",APU0000709112,,,,,,,,False
2021-04-01,Milk,BLS,U.S. City Average,U.S. City Average,3.447,gallon,"Milk, fresh, whole, fortified",APU0000709112,,,,,,,,False
2021-05-01,Milk,BLS,U.S. City Average,U.S. City Average,3.497,gallon,"Milk, fresh, whole, fortified",APU0000709112,,,,,,,,False
2021-06-01,Milk,BLS,U.S. City Average,U.S. City Average,3.557,gallon,"Milk, fresh, whole, fortified",APU0000709112,,,,,,,,False
2021-07-01,Milk,BLS,U.S. City Average,U.S. City Average,3.627,gallon,"Milk, fresh, whole, fortified",APU0000709112,,,,,,,,False
2021-08-01,Milk,BLS,U.S. City Average,U.S. City Average,3.56,gallon,"Milk, fresh, whole, fortified",APU0000709112,,,,,,,,False
2021-09-01,Milk,BLS,U.S. City Average,U.S. City Average,3.585,gallon,"Milk, fresh, whole, fortified",APU0000709112,,,,,,,,False
2021-10-01,Milk,BLS,U.S. City Average,U.S. City Average,3.663,gallon,"Milk, fresh, whole, fortified",APU0000709112,,,,,,,,False
2021-11-01,Milk,BLS,U.S. City Average,U.S. City Average,3.671,gallon,"Milk, fresh, whole, fortified",APU0000709112,,,,,,,,False
2021-12-01,Milk,BLS,U.S. City Average,U.S. City Average,3.743,gallon,"Milk, fresh, whole, fortified",APU0000709112,,,,,,,,False
2022-01-01,Milk,BLS,U.S. City Average,U.S. City Average,3.787,gallon,"Milk, fresh, whole, fortified",APU0000709112,,,,,,,,False
2022-02-01,Milk,BLS,U.S. City Average,U.S. City Average,3.875,gallon,"Milk, fresh, whole, fortified",APU0000709112,,,,,,,,False
2022-03-01,Milk,BLS,U.S. City Average,U.S. City Average,3.917,gallon,"Milk, fresh, whole, fortified",APU0000709112,,,,,,,,False
2022-04-01,Milk,BLS,U.S. City Average,U.S. City Average,4.012,gallon,"Milk, fresh, whole, fortified",APU0000709112,,,,,,,,False
2022-05-01,Milk,BLS,U.S. City Average,U.S. City Average,4.204,gallon,"Milk, fresh, whole, fortified",APU0000709112,,,,,,,,False
2022-06-01,Milk,BLS,U.S. City Average,U.S. City Average,4.153,gallon,"Milk, fresh, whole, fortified",APU0000709112,,,,,,,,False
2022-07-01,Milk,BLS,U.S. City Average,U.S. City Average,4.156,gallon,"Milk, fresh, whole, fortified",APU0000709112,,,,,,,,False
2022-08-01,Milk,BLS,U.S. City Average,U.S. City Average,4.194,gallon,"Milk, fresh, whole, fortified",APU0000709112,,,,,,,,False
2022-09-01,Milk,BLS,U.S. City Average,U.S. City Average,4.181,gallon,"Milk, fresh, whole, fortified",APU0000709112,,,,,,,,False
2022-10-01,Milk,BLS,U.S. City Average,U.S. City Average,4.184,gallon,"Milk, fresh, whole, fortified",APU0000709112,,,,,,,,False
2022-11-01,Milk,BLS,U.S. City Average,U.S. City Average,4.218,gallon,"Milk, fresh, whole, fortified",APU0000709112,,,,,,,,False
2022-12-01,Milk,BLS,U.S. City Average,U.S. City Average,4.211,gallon,"Milk, fresh, whole, fortified",APU0000709112,,,,,,,,False
2023-01-01,Milk,BLS,U.S. City Average,U.S. City Average,4.204,gallon,"Milk, fresh, whole, fortified",APU0000709112,,,,,,,,False
2023-02-01,Milk,BLS,U.S. City Average,U.S. City Average,4.163,gallon,"Milk, fresh, whole, fortified",APU0000709112,,,,,,,,False
2023-03-01,Milk,BLS,U.S. City Average,U.S. City Average,4.098,gallon,"Milk, fresh, whole, fortified",APU0000709112,,,,,,,,False
2023-04-01,Milk,BLS,U.S. City Average,U.S. City Average,4.042,gallon,"Milk, fresh, whole, fortified",APU0000709112,,,,,,,,False
2023-05-01,Milk,BLS,U.S. City Average,U.S. City Average,4.042,gallon,"Milk, fresh, whole, fortified",APU0000709112,,,,,,,,False
2023-06-01,Milk,BLS,U.S. City Average,U.S. City Average,3.985,gallon,"Milk, fresh, whole, fortified",APU0000709112,,,,,,,,False
2023-07-01,Milk,BLS,U.S. City Average,U.S. City Average,3.971,gallon,"Milk, fresh, whole, fortified",APU0000709112,,,,,,,,False
2023-08-01,Milk,BLS,U.S. City Average,U.S. City Average,3.927,gallon,"Milk, fresh, whole, fortified",APU0000709112,,,,,,,,False
2023-09-01,Milk,BLS,U.S. City Average,U.S. City Average,3.965,gallon,"Milk, fresh, whole, fortified",APU0000709112,,,,,,,,False
2023-10-01,Milk,BLS,U.S. City Average,U.S. City Average,3.927,gallon,"Milk, fresh, whole, fortified",APU0000709112,,,,,,,,False
2023-11-01,Milk,BLS,U.S. City Average,U.S. City Average,3.997,gallon,"Milk, fresh, whole, fortified",APU0000709112,,,,,,,,False
2023-12-01,Milk,BLS,U.S. City Average,U.S. City Average,4.008,gallon,"Milk, fresh, whole, fortified",APU0000709112,,,,,,,,False
2024-01-01,Milk,BLS,U.S. City Average,U.S. City Average,3.958,gallon,"Milk, fresh, whole, fortified",APU0000709112,,,,,,,,False
2024-02-01,Milk,BLS,U.S. City Average,U.S. City Average,3.94,gallon,"Milk, fresh, whole, fortified",APU0000709112,,,,,,,,False
2024-03-01,Milk,BLS,U.S. City Average,U.S. City Average,3.893,gallon,"Milk, fresh, whole, fortified",APU0000709112,,,,,,,,False
2024-04-01,Milk,BLS,U.S. City Average,U.S. City Average,3.868,gallon,"Milk, fresh, whole, fortified",APU0000709112,,,,,,,,False
2024-05-01,Milk,BLS,U.S. City Average,U.S. City Average,3.864,gallon,"Milk, fresh, whole, fortified",APU0000709112,,,,,,,,False
2024-06-01,Milk,BLS,U.S. City Average,U.S. City Average,3.956,gallon,"Milk, fresh, whole, fortified",APU0000709112,,,,,,,,False
2024-07-01,Milk,BLS,U.S. City Average,U.S. City Average,3.983,gallon,"Milk, fresh, whole, fortified",APU0000709112,,,,,,,,False
2024-08-01,Milk,BLS,U.S. City Average,U.S. City Average,4.044,gallon,"Milk, fresh, whole, fortified",APU0000709112,,,,,,,,False
2024-09-01,Milk,BLS,U.S. City Average,U.S. City Average,4.021,gallon,"Milk, fresh, whole, fortified",APU0000709112,,,,,,,,False
2024-10-01,Milk,BLS,U.S. City Average,U.S. City Average,4.041,gallon,"Milk, fresh, whole, fortified",APU0000709112,,,,,,,,False
2024-11-01,Milk,BLS,U.S. City Average,U.S. City Average,4.138,gallon,"Milk, fresh, whole, fortified",APU0000709112,,,,,,,,False
2024-12-01,Milk,BLS,U.S. City Average,U.S. City Average,4.101,gallon,"Milk, fresh, whole, fortified",APU0000709112,,,,,,,,False
2025-01-01,Milk,BLS,U.S. City Average,U.S. City Average,4.025,gallon,"Milk, fresh, whole, fortified",APU0000709112,,,,,,,,False
2025-02-01,Milk,BLS,U.S. City Average,U.S. City Average,4.026,gallon,"Milk, fresh, whole, fortified",APU0000709112,,,,,,,,False
2025-03-01,Milk,BLS,U.S. City Average,U.S. City Average,4.05,gallon,"Milk, fresh, whole, fortified",APU0000709112,,,,,,,,False
2025-04-01,Milk,BLS,U.S. City Average,U.S. City Average,4.074,gallon,"Milk, fresh, whole, fortified",APU0000709112,,,,,,,,False
2025-05-01,Milk,BLS,U.S. City Average,U.S. City Average,4.022,gallon,"Milk, fresh, whole, fortified",APU0000709112,,,,,,,,False
2025-06-01,Milk,BLS,U.S. City Average,U.S. City Average,4.029,gallon,"Milk, fresh, whole, fortified",APU0000709112,,,,,,,,False
2025-07-01,Milk,BLS,U.S. City Average,U.S. City Average,4.162,gallon,"Milk, fresh, whole, fortified",APU0000709112,,,,,,,,False
2025-08-01,Milk,BLS,U.S. City Average,U.S. City Average,4.171,gallon,"Milk, fresh, whole, fortified",APU0000709112,,,,,,,,False
2025-09-01,Milk,BLS,U.S. City Average,U.S. City Average,4.129,gallon,"Milk, fresh, whole, fortified",APU0000709112,,,,,,,,False
2025-11-01,Milk,BLS,U.S. City Average,U.S. City Average,3.997,gallon,"Milk, fresh, whole, fortified",APU0000709112,,,,,,,,False
2025-12-01,Milk,BLS,U.S. City Average,U.S. City Average,4.047,gallon,"Milk, fresh, whole, fortified",APU0000709112,,,,,,,,False
2026-01-01,Milk,BLS,U.S. City Average,U.S. City Average,4.1,gallon,"Milk, fresh, whole, fortified",APU0000709112,,,,,,,,False
2026-02-01,Milk,BLS,U.S. City Average,U.S. City Average,4.026,gallon,"Milk, fresh, whole, fortified",APU0000709112,,,,,,,,False
2026-03-01,Milk,BLS,U.S. City Average,U.S. City Average,4.067,gallon,"Milk, fresh, whole, fortified",APU0000709112,,,,,,,,False
2026-04-01,Milk,BLS,U.S. City Average,U.S. City Average,4.136,gallon,"Milk, fresh, whole, fortified",APU0000709112,,,,,,,,False
2026-05-01,Milk,BLS,U.S. City Average,U.S. City Average,4.217,gallon,"Milk, fresh, whole, fortified",APU0000709112,,,,,,,,False
2026-06-01,Milk,BLS,U.S. City Average,U.S. City Average,4.317,gallon,"Milk, fresh, whole, fortified",APU0000709112,,,,,,,,False
2026-07-01,Milk,BLS,U.S. City Average,U.S. City Average,4.313,gallon,"Milk, fresh, whole, fortified",APU0000709112,,,,,,,,False
2026-08-25,Milk,Kroger,Kroger On the Rhine,"Cincinnati, OH",3.49,gallon,Kroger Vitamin D Whole Milk,0001111040101,1 gal,01400513,3.49,,3.49,3.49,,False
2026-08-26,Milk,Kroger,Kroger On the Rhine,"Cincinnati, OH",3.49,gallon,Kroger Vitamin D Whole Milk,0001111040101,1 gal,01400513,3.49,,3.49,3.49,,False
2026-08-27,Milk,Kroger,Kroger On the Rhine,"Cincinnati, OH",3.49,gallon,Kroger Vitamin D Whole Milk,0001111040101,1 gal,01400513,3.49,,3.49,3.49,,False
2026-08-28,Milk,Kroger,Kroger On the Rhine,"Cincinnati, OH",3.49,gallon,Kroger Vitamin D Whole Milk,0001111040101,1 gal,01400513,3.49,,3.49,3.49,,False
2026-08-29,Milk,Kroger,Kroger On the Rhine,"Cincinnati, OH",3.49,gallon,Kroger Vitamin D Whole Milk,0001111040101,1 gal,01400513,3.49,,3.49,3.49,,False
2026-08-30,Milk,Kroger,Kroger On the Rhine,"Cincinnati, OH",3.49,gallon,Kroger Vitamin D Whole Milk,0001111040101,1 gal,01400513,3.49,,3.49,3.49,,False
2026-08-31,Milk,Kroger,Kroger On the Rhine,"Cincinnati, OH",3.49,gallon,Kroger Vitamin D Whole Milk,0001111040101,1 gal,01400513,3.49,,3.49,3.49,,False
2026-09-01,Milk,Kroger,Kroger On the Rhine,"Cincinnati, OH",3.49,gallon,Kroger Vitamin D Whole Milk,0001111040101,1 gal,01400513,3.49,,3.49,3.49,,False
2026-09-02,Milk,Kroger,Kroger On the Rhine,"Cincinnati, OH",3.39,gallon,Kroger Vitamin D Whole Milk,0001111040101,1 gal,01400513,3.39,,3.39,3.39,,False
2026-09-03,Milk,Kroger,Kroger On the Rhine,"Cincinnati, OH",3.39,gallon,Kroger Vitamin D Whole Milk,0001111040101,1 gal,01400513,3.39,,3.39,3.39,,False
2026-09-04,Milk,Kroger,Kroger On the Rhine,"Cincinnati, OH",3.39,gallon,Kroger Vitamin D Whole Milk,0001111040101,1 gal,01400513,3.39,,3.39,3.39,,False
2026-09-05,Milk,Kroger,Kroger On the Rhine,"Cincinnati, OH",3.39,gallon,Kroger Vitamin D Whole Milk,0001111040101,1 gal,01400513,3.39,,3.39,3.39,,False
2026-09-06,Milk,Kroger,Kroger On the Rhine,"Cincinnati, OH",3.39,gallon,Kroger Vitamin D Whole Milk,0001111040101,1 gal,01400513,3.39,,3.39,3.39,,False
2026-09-07,Milk,Kroger,Kroger On the Rhine,"Cincinnati, OH",3.39,gallon,Kroger Vitamin D Whole Milk,0001111040101,1 gal,01400513,3.39,,3.39,3.39,,False
2026-09-08,Milk,Kroger,Kroger On the Rhine,"Cincinnati, OH",3.39,gallon,Kroger Vitamin D Whole Milk,0001111040101,1 gal,01400513,3.39,,3.39,3.39,,False
2026-09-09,Milk,Kroger,Kroger On the Rhine,"Cincinnati, OH",3.39,gallon,Kroger Vitamin D Whole Milk,0001111040101,1 gal,01400513,3.39,,3.39,3.39,,False
2026-09-10,Milk,Kroger,Kroger On the Rhine,"Cincinnati, OH",3.39,gallon,Kroger Vitamin D Whole Milk,0001111040101,1 gal,01400513,3.39,,3.39,3.39,,False
2026-09-11,Milk,Kroger,Kroger On the Rhine,"Cincinnati, OH",3.39,gallon,Kroger Vitamin D Whole Milk,0001111040101,1 gal,01400513,3.39,,3.39,3.39,,False
2026-09-12,Milk,Kroger,Kroger On the Rhine,"Cincinnati, OH",3.39,gallon,Kroger Vitamin D Whole Milk,0001111040101,1 gal,01400513,3.39,,3.39,3.39,,False
2026-09-13,Milk,Kroger,Kroger On the Rhine,"Cincinnati, OH",3.39,gallon,Kroger Vitamin D Whole Milk,0001111040101,1 gal,01400513,3.39,,3.39,3.39,,False
2026-09-14,Milk,Kroger,Kroger On the Rhine,"Cincinnati, OH",3.39,gallon,Kroger Vitamin D Whole Milk,0001111040101,1 gal,01400513,3.39,,3.39,3.39,,False
2026-08-25,Onions,Kroger,Kroger On the Rhine,"Cincinnati, OH",1.19,pound,Jumbo Yellow Onions,0000000004093,1 lb,01400513,1.19,,1.19,1.19,,False
2026-08-26,Onions,Kroger,Kroger On the Rhine,"Cincinnati, OH",1.19,pound,Jumbo Yellow Onions,0000000004093,1 lb,01400513,1.19,,1.19,1.19,,False
2026-08-27,Onions,Kroger,Kroger On the Rhine,"Cincinnati, OH",1.19,pound,Jumbo Yellow Onions,0000000004093,1 lb,01400513,1.19,,1.19,1.19,,False
2026-08-28,Onions,Kroger,Kroger On the Rhine,"Cincinnati, OH",1.19,pound,Jumbo Yellow Onions,0000000004093,1 lb,01400513,1.19,,1.19,1.19,,False
2026-08-29,Onions,Kroger,Kroger On the Rhine,"Cincinnati, OH",1.19,pound,Jumbo Yellow Onions,0000000004093,1 lb,01400513,1.19,,1.19,1.19,,False
2026-08-30,Onions,Kroger,Kroger On the Rhine,"Cincinnati, OH",1.19,pound,Jumbo Yellow Onions,0000000004093,1 lb,01400513,1.19,,1.19,1.19,,False
2026-08-31,Onions,Kroger,Kroger On the Rhine,"Cincinnati, OH",1.19,pound,Jumbo Yellow Onions,0000000004093,1 lb,01400513,1.19,,1.19,1.19,,False
2026-09-01,Onions,Kroger,Kroger On the Rhine,"Cincinnati, OH",1.19,pound,Jumbo Yellow Onions,0000000004093,1 lb,01400513,1.19,,1.19,1.19,,False
2026-09-02,Onions,Kroger,Kroger On the Rhine,"Cincinnati, OH",1.29,pound,Jumbo Yellow Onions,0000000004093,1 lb,01400513,1.29,,1.29,1.29,,False
2026-09-03,Onions,Kroger,Kroger On the Rhine,"Cincinnati, OH",1.29,pound,Jumbo Yellow Onions,0000000004093,1 lb,01400513,1.29,,1.29,1.29,,False
2026-09-04,Onions,Kroger,Kroger On the Rhine,"Cincinnati, OH",1.29,pound,Jumbo Yellow Onions,0000000004093,1 lb,01400513,1.29,,1.29,1.29,,False
2026-09-05,Onions,Kroger,Kroger On the Rhine,"Cincinnati, OH",1.29,pound,Jumbo Yellow Onions,0000000004093,1 lb,01400513,1.29,,1.29,1.29,,False
2026-09-06,Onions,Kroger,Kroger On the Rhine,"Cincinnati, OH",1.29,pound,Jumbo Yellow Onions,0000000004093,1 lb,01400513,1.29,,1.29,1.29,,False
2026-09-07,Onions,Kroger,Kroger On the Rhine,"Cincinnati, OH",1.29,pound,Jumbo Yellow Onions,0000000004093,1 lb,01400513,1.29,,1.29,1.29,,False
2026-09-08,Onions,Kroger,Kroger On the Rhine,"Cincinnati, OH",1.29,pound,Jumbo Yellow Onions,0000000004093,1 lb,01400513,1.29,,1.29,1.29,,False
2026-09-09,Onions,Kroger,Kroger On the Rhine,"Cincinnati, OH",1.29,pound,Jumbo Yellow Onions,0000000004093,1 lb,01400513,1.29,,1.29,1.29,,False
2026-09-10,Onions,Kroger,Kroger On the Rhine,"Cincinnati, OH",1.29,pound,Jumbo Yellow Onions,0000000004093,1 lb,01400513,1.29,,1.29,1.29,,False
2026-09-11,Onions,Kroger,Kroger On the Rhine,"Cincinnati, OH",1.29,pound,Jumbo Yellow Onions,0000000004093,1 lb,01400513,1.29,,1.29,1.29,,False
2026-09-12,Onions,Kroger,Kroger On the Rhine,"Cincinnati, OH",1.29,pound,Jumbo Yellow Onions,0000000004093,1 lb,01400513,1.29,,1.29,1.29,,False
2026-09-13,Onions,Kroger,Kroger On the Rhine,"Cincinnati, OH",1.29,pound,Jumbo Yellow Onions,0000000004093,1 lb,01400513,1.29,,1.29,1.29,,False
2026-09-14,Onions,Kroger,Kroger On the Rhine,"Cincinnati, OH",1.29,pound,Jumbo Yellow Onions,0000000004093,1 lb,01400513,1.29,,1.29,1.29,,False
2026-08-25,Orange Juice,Kroger,Kroger On the Rhine,"Cincinnati, OH",8.98,gallon,Kroger 100% Orange Juice Pulp Free,0001111048480,1/2 gal,01400513,4.49,,4.49,8.98,,False
2026-08-26,Orange Juice,Kroger,Kroger On the Rhine,"Cincinnati, OH",8.98,gallon,Kroger 100% Orange Juice Pulp Free,0001111048480,1/2 gal,01400513,4.49,,4.49,8.98,,False
2026-08-27,Orange Juice,Kroger,Kroger On the Rhine,"Cincinnati, OH",8.98,gallon,Kroger 100% Orange Juice Pulp Free,0001111048480,1/2 gal,01400513,4.49,,4.49,8.98,,False
2026-08-28,Orange Juice,Kroger,Kroger On the Rhine,"Cincinnati, OH",8.98,gallon,Kroger 100% Orange Juice Pulp Free,0001111048480,1/2 gal,01400513,4.49,,4.49,8.98,,False
2026-08-29,Orange Juice,Kroger,Kroger On the Rhine,"Cincinnati, OH",8.98,gallon,Kroger 100% Orange Juice Pulp Free,0001111048480,1/2 gal,01400513,4.49,,4.49,8.98,,False
2026-08-30,Orange Juice,Kroger,Kroger On the Rhine,"Cincinnati, OH",8.98,gallon,Kroger 100% Orange Juice Pulp Free,0001111048480,1/2 gal,01400513,4.49,,4.49,8.98,,False
2026-08-31,Orange Juice,Kroger,Kroger On the Rhine,"Cincinnati, OH",8.98,gallon,Kroger 100% Orange Juice Pulp Free,0001111048480,1/2 gal,01400513,4.49,,4.49,8.98,,False
2026-09-01,Orange Juice,Kroger,Kroger On the Rhine,"Cincinnati, OH",8.98,gallon,Kroger 100% Orange Juice Pulp Free,0001111048480,1/2 gal,01400513,4.49,,4.49,8.98,,False
2026-09-02,Orange Juice,Kroger,Kroger On the Rhine,"Cincinnati, OH",8.98,gallon,Kroger 100% Orange Juice Pulp Free,0001111048480,1/2 gal,01400513,4.49,,4.49,8.98,,False
2026-09-03,Orange Juice,Kroger,Kroger On the Rhine,"Cincinnati, OH",8.98,gallon,Kroger 100% Orange Juice Pulp Free,0001111048480,1/2 gal,01400513,4.49,,4.49,8.98,,False
2026-09-04,Orange Juice,Kroger,Kroger On the Rhine,"Cincinnati, OH",8.98,gallon,Kroger 100% Orange Juice Pulp Free,0001111048480,1/2 gal,01400513,4.49,,4.49,8.98,,False
2026-09-05,Orange Juice,Kroger,Kroger On the Rhine,"Cincinnati, OH",8.98,gallon,Kroger 100% Orange Juice Pulp Free,0001111048480,1/2 gal,01400513,4.49,,4.49,8.98,,False
2026-09-06,Orange Juice,Kroger,Kroger On the Rhine,"Cincinnati, OH",8.98,gallon,Kroger 100% Orange Juice Pulp Free,0001111048480,1/2 gal,01400513,4.49,,4.49,8.98,,False
2026-09-07,Orange Juice,Kroger,Kroger On the Rhine,"Cincinnati, OH",8.98,gallon,Kroger 100% Orange Juice Pulp Free,0001111048480,1/2 gal,01400513,4.49,,4.49,8.98,,False
2026-09-08,Orange Juice,Kroger,Kroger On the Rhine,"Cincinnati, OH",8.98,gallon,Kroger 100% Orange Juice Pulp Free,0001111048480,1/2 gal,01400513,4.49,,4.49,8.98,,False
2026-09-09,Orange Juice,Kroger,Kroger On the Rhine,"Cincinnati, OH",8.98,gallon,Kroger 100% Orange Juice Pulp Free,0001111048480,1/2 gal,01400513,4.49,,4.49,8.98,,False
2026-09-10,Orange Juice,Kroger,Kroger On the Rhine,"Cincinnati, OH",8.98,gallon,Kroger 100% Orange Juice Pulp Free,0001111048480,1/2 gal,01400513,4.49,,4.49,8.98,,False
2026-09-11,Orange Juice,Kroger,Kroger On the Rhine,"Cincinnati, OH",8.98,gallon,Kroger 100% Orange Juice Pulp Free,0001111048480,1/2 gal,01400513,4.49,,4.49,8.98,,False
2026-09-12,Orange Juice,Kroger,Kroger On the Rhine,"Cincinnati, OH",8.98,gallon,Kroger 100% Orange Juice Pulp Free,0001111048480,1/2 gal,01400513,4.49,,4.49,8.98,,False
2026-09-13,Orange Juice,Kroger,Kroger On the Rhine,"Cincinnati, OH",8.98,gallon,Kroger 100% Orange Juice Pulp Free,0001111048480,1/2 gal,01400513,4.49,,4.49,8.98,,False
2026-09-14,Orange Juice,Kroger,Kroger On the Rhine,"Cincinnati, OH",8.98,gallon,Kroger 100% Orange Juice Pulp Free,0001111048480,1/2 gal,01400513,4.49,,4.49,8.98,,False
2017-01-01,Pasta,BLS,U.S. City Average,U.S. City Average,1.31,pound,Spaghetti and macaroni,APU0000701322,,,,,,,,False
2017-02-01,Pasta,BLS,U.S. City Average,U.S. City Average,1.29,pound,Spaghetti and macaroni,APU0000701322,,,,,,,,False
2017-03-01,Pasta,BLS,U.S. City Average,U.S. City Average,1.265,pound,Spaghetti and macaroni,APU0000701322,,,,,,,,False
2017-04-01,Pasta,BLS,U.S. City Average,U.S. City Average,1.271,pound,Spaghetti and macaroni,APU0000701322,,,,,,,,False
2017-05-01,Pasta,BLS,U.S. City Average,U.S. City Average,1.272,pound,Spaghetti and macaroni,APU0000701322,,,,,,,,False
2017-06-01,Pasta,BLS,U.S. City Average,U.S. City Average,1.281,pound,Spaghetti and macaroni,APU0000701322,,,,,,,,False
2017-07-01,Pasta,BLS,U.S. City Average,U.S. City Average,1.294,pound,Spaghetti and macaroni,APU0000701322,,,,,,,,False
2017-08-01,Pasta,BLS,U.S. City Average,U.S. City Average,1.305,pound,Spaghetti and macaroni,APU0000701322,,,,,,,,False
2017-09-01,Pasta,BLS,U.S. City Average,U.S. City Average,1.299,pound,Spaghetti and macaroni,APU0000701322,,,,,,,,False
2017-10-01,Pasta,BLS,U.S. City Average,U.S. City Average,1.259,pound,Spaghetti and macaroni,APU0000701322,,,,,,,,False
2017-11-01,Pasta,BLS,U.S. City Average,U.S. City Average,1.242,pound,Spaghetti and macaroni,APU0000701322,,,,,,,,False
2017-12-01,Pasta,BLS,U.S. City Average,U.S. City Average,1.235,pound,Spaghetti and macaroni,APU0000701322,,,,,,,,False
2018-01-01,Pasta,BLS,U.S. City Average,U.S. City Average,1.218,pound,Spaghetti and macaroni,APU0000701322,,,,,,,,False
2018-02-01,Pasta,BLS,U.S. City Average,U.S. City Average,1.176,pound,Spaghetti and macaroni,APU0000701322,,,,,,,,False
2018-03-01,Pasta,BLS,U.S. City Average,U.S. City Average,1.187,pound,Spaghetti and macaroni,APU0000701322,,,,,,,,False
2018-04-01,Pasta,BLS,U.S. City Average,U.S. City Average,1.176,pound,Spaghetti and macaroni,APU0000701322,,,,,,,,False
2018-05-01,Pasta,BLS,U.S. City Average,U.S. City Average,1.143,pound,Spaghetti and macaroni,APU0000701322,,,,,,,,False
2018-06-01,Pasta,BLS,U.S. City Average,U.S. City Average,1.201,pound,Spaghetti and macaroni,APU0000701322,,,,,,,,False
2018-07-01,Pasta,BLS,U.S. City Average,U.S. City Average,1.204,pound,Spaghetti and macaroni,APU0000701322,,,,,,,,False
2018-08-01,Pasta,BLS,U.S. City Average,U.S. City Average,1.227,pound,Spaghetti and macaroni,APU0000701322,,,,,,,,False
2018-09-01,Pasta,BLS,U.S. City Average,U.S. City Average,1.2,pound,Spaghetti and macaroni,APU0000701322,,,,,,,,False
2018-10-01,Pasta,BLS,U.S. City Average,U.S. City Average,1.138,pound,Spaghetti and macaroni,APU0000701322,,,,,,,,False
2018-11-01,Pasta,BLS,U.S. City Average,U.S. City Average,1.196,pound,Spaghetti and macaroni,APU0000701322,,,,,,,,False
2018-12-01,Pasta,BLS,U.S. City Average,U.S. City Average,1.161,pound,Spaghetti and macaroni,APU0000701322,,,,,,,,False
2019-01-01,Pasta,BLS,U.S. City Average,U.S. City Average,1.217,pound,Spaghetti and macaroni,APU0000701322,,,,,,,,False
2019-02-01,Pasta,BLS,U.S. City Average,U.S. City Average,1.206,pound,Spaghetti and macaroni,APU0000701322,,,,,,,,False
2019-03-01,Pasta,BLS,U.S. City Average,U.S. City Average,1.237,pound,Spaghetti and macaroni,APU0000701322,,,,,,,,False
2019-04-01,Pasta,BLS,U.S. City Average,U.S. City Average,1.223,pound,Spaghetti and macaroni,APU0000701322,,,,,,,,False
2019-05-01,Pasta,BLS,U.S. City Average,U.S. City Average,1.197,pound,Spaghetti and macaroni,APU0000701322,,,,,,,,False
2019-06-01,Pasta,BLS,U.S. City Average,U.S. City Average,1.192,pound,Spaghetti and macaroni,APU0000701322,,,,,,,,False
2019-07-01,Pasta,BLS,U.S. City Average,U.S. City Average,1.198,pound,Spaghetti and macaroni,APU0000701322,,,,,,,,False
2019-08-01,Pasta,BLS,U.S. City Average,U.S. City Average,1.215,pound,Spaghetti and macaroni,APU0000701322,,,,,,,,False
2019-09-01,Pasta,BLS,U.S. City Average,U.S. City Average,1.184,pound,Spaghetti and macaroni,APU0000701322,,,,,,,,False
2019-10-01,Pasta,BLS,U.S. City Average,U.S. City Average,1.178,pound,Spaghetti and macaroni,APU0000701322,,,,,,,,False
2019-11-01,Pasta,BLS,U.S. City Average,U.S. City Average,1.231,pound,Spaghetti and macaroni,APU0000701322,,,,,,,,False
2019-12-01,Pasta,BLS,U.S. City Average,U.S. City Average,1.189,pound,Spaghetti and macaroni,APU0000701322,,,,,,,,False
2020-01-01,Pasta,BLS,U.S. City Average,U.S. City Average,1.225,pound,Spaghetti and macaroni,APU0000701322,,,,,,,,False
2020-02-01,Pasta,BLS,U.S. City Average,U.S. City Average,1.235,pound,Spaghetti and macaroni,APU0000701322,,,,,,,,False
2020-03-01,Pasta,BLS,U.S. City Average,U.S. City Average,1.238,pound,Spaghetti and macaroni,APU0000701322,,,,,,,,False
2020-04-01,Pasta,BLS,U.S. City Average,U.S. City Average,1.265,pound,Spaghetti and macaroni,APU0000701322,,,,,,,,False
2020-05-01,Pasta,BLS,U.S. City Average,U.S. City Average,1.26,pound,Spaghetti and macaroni,APU0000701322,,,,,,,,False
2020-06-01,Pasta,BLS,U.S. City Average,U.S. City Average,1.28,pound,Spaghetti and macaroni,APU0000701322,,,,,,,,False
2020-07-01,Pasta,BLS,U.S. City Average,U.S. City Average,1.295,pound,Spaghetti and macaroni,APU0000701322,,,,,,,,False
2020-08-01,Pasta,BLS,U.S. City Average,U.S. City Average,1.303,pound,Spaghetti and macaroni,APU0000701322,,,,,,,,False
2020-09-01,Pasta,BLS,U.S. City Average,U.S. City Average,1.256,pound,Spaghetti and macaroni,APU0000701322,,,,,,,,False
2020-10-01,Pasta,BLS,U.S. City Average,U.S. City Average,1.22,pound,Spaghetti and macaroni,APU0000701322,,,,,,,,False
2020-11-01,Pasta,BLS,U.S. City Average,U.S. City Average,1.262,pound,Spaghetti and macaroni,APU0000701322,,,,,,,,False
2020-12-01,Pasta,BLS,U.S. City Average,U.S. City Average,1.313,pound,Spaghetti and macaroni,APU0000701322,,,,,,,,False
2021-01-01,Pasta,BLS,U.S. City Average,U.S. City Average,1.314,pound,Spaghetti and macaroni,APU0000701322,,,,,,,,False
2021-02-01,Pasta,BLS,U.S. City Average,U.S. City Average,1.324,pound,Spaghetti and macaroni,APU0000701322,,,,,,,,False
2021-03-01,Pasta,BLS,U.S. City Average,U.S. City Average,1.341,pound,Spaghetti and macaroni,APU0000701322,,,,,,,,False
2021-04-01,Pasta,BLS,U.S. City Average,U.S. City Average,1.251,pound,Spaghetti and macaroni,APU0000701322,,,,,,,,False
2021-05-01,Pasta,BLS,U.S. City Average,U.S. City Average,1.336,pound,Spaghetti and macaroni,APU0000701322,,,,,,,,False
2021-06-01,Pasta,BLS,U.S. City Average,U.S. City Average,1.073,pound,Spaghetti and macaroni,APU0000701322,,,,,,,,False
2021-07-01,Pasta,BLS,U.S. City Average,U.S. City Average,1.094,pound,Spaghetti and macaroni,APU0000701322,,,,,,,,False
2021-08-01,Pasta,BLS,U.S. City Average,U.S. City Average,1.089,pound,Spaghetti and macaroni,APU0000701322,,,,,,,,False
2021-09-01,Pasta,BLS,U.S. City Average,U.S. City Average,1.077,pound,Spaghetti and macaroni,APU0000701322,,,,,,,,False
2021-10-01,Pasta,BLS,U.S. City Average,U.S. City Average,1.067,pound,Spaghetti and macaroni,APU0000701322,,,,,,,,False
2021-11-01,Pasta,BLS,U.S. City Average,U.S. City Average,1.093,pound,Spaghetti and macaroni,APU0000701322,,,,,,,,False
2021-12-01,Pasta,BLS,U.S. City Average,U.S. City Average,1.092,pound,Spaghetti and macaroni,APU0000701322,,,,,,,,False
2022-01-01,Pasta,BLS,U.S. City Average,U.S. City Average,1.116,pound,Spaghetti and macaroni,APU0000701322,,,,,,,,False
2022-02-01,Pasta,BLS,U.S. City Average,U.S. City Average,1.148,pound,Spaghetti and macaroni,APU0000701322,,,,,,,,False
2022-03-01,Pasta,BLS,U.S. City Average,U.S. City Average,1.182,pound,Spaghetti and macaroni,APU0000701322,,,,,,,,False
2022-04-01,Pasta,BLS,U.S. City Average,U.S. City Average,1.217,pound,Spaghetti and macaroni,APU0000701322,,,,,,,,False
2022-05-01,Pasta,BLS,U.S. City Average,U.S. City Average,1.291,pound,Spaghetti and macaroni,APU0000701322,,,,,,,,False
2022-06-01,Pasta,BLS,U.S. City Average,U.S. City Average,1.316,pound,Spaghetti and macaroni,APU0000701322,,,,,,,,False
2022-07-01,Pasta,BLS,U.S. City Average,U.S. City Average,1.349,pound,Spaghetti and macaroni,APU0000701322,,,,,,,,False
2022-08-01,Pasta,BLS,U.S. City Average,U.S. City Average,1.368,pound,Spaghetti and macaroni,APU0000701322,,,,,,,,False
2022-09-01,Pasta,BLS,U.S. City Average,U.S. City Average,1.357,pound,Spaghetti and macaroni,APU0000701322,,,,,,,,False
2022-10-01,Pasta,BLS,U.S. City Average,U.S. City Average,1.349,pound,Spaghetti and macaroni,APU0000701322,,,,,,,,False
2022-11-01,Pasta,BLS,U.S. City Average,U.S. City Average,1.428,pound,Spaghetti and macaroni,APU0000701322,,,,,,,,False
2022-12-01,Pasta,BLS,U.S. City Average,U.S. City Average,1.434,pound,Spaghetti and macaroni,APU0000701322,,,,,,,,False
2023-01-01,Pasta,BLS,U.S. City Average,U.S. City Average,1.475,pound,Spaghetti and macaroni,APU0000701322,,,,,,,,False
2023-02-01,Pasta,BLS,U.S. City Average,U.S. City Average,1.486,pound,Spaghetti and macaroni,APU0000701322,,,,,,,,False
2023-03-01,Pasta,BLS,U.S. City Average,U.S. City Average,1.465,pound,Spaghetti and macaroni,APU0000701322,,,,,,,,False
2023-04-01,Pasta,BLS,U.S. City Average,U.S. City Average,1.461,pound,Spaghetti and macaroni,APU0000701322,,,,,,,,False
2023-05-01,Pasta,BLS,U.S. City Average,U.S. City Average,1.458,pound,Spaghetti and macaroni,APU0000701322,,,,,,,,False
2023-06-01,Pasta,BLS,U.S. City Average,U.S. City Average,1.466,pound,Spaghetti and macaroni,APU0000701322,,,,,,,,False
2023-07-01,Pasta,BLS,U.S. City Average,U.S. City Average,1.42,pound,Spaghetti and macaroni,APU0000701322,,,,,,,,False
2023-08-01,Pasta,BLS,U.S. City Average,U.S. City Average,1.404,pound,Spaghetti and macaroni,APU0000701322,,,,,,,,False
2023-09-01,Pasta,BLS,U.S. City Average,U.S. City Average,1.41,pound,Spaghetti and macaroni,APU0000701322,,,,,,,,False
2023-10-01,Pasta,BLS,U.S. City Average,U.S. City Average,1.4,pound,Spaghetti and macaroni,APU0000701322,,,,,,,,False
2023-11-01,Pasta,BLS,U.S. City Average,U.S. City Average,1.369,pound,Spaghetti and macaroni,APU0000701322,,,,,,,,False
2023-12-01,Pasta,BLS,U.S. City Average,U.S. City Average,1.377,pound,Spaghetti and macaroni,APU0000701322,,,,,,,,False
2024-01-01,Pasta,BLS,U.S. City Average,U.S. City Average,1.425,pound,Spaghetti and macaroni,APU0000701322,,,,,,,,False
2024-02-01,Pasta,BLS,U.S. City Average,U.S. City Average,1.432,pound,Spaghetti and macaroni,APU0000701322,,,,,,,,False
2024-03-01,Pasta,BLS,U.S. City Average,U.S. City Average,1.42,pound,Spaghetti and macaroni,APU0000701322,,,,,,,,False
2024-04-01,Pasta,BLS,U.S. City Average,U.S. City Average,1.422,pound,Spaghetti and macaroni,APU0000701322,,,,,,,,False
2024-05-01,Pasta,BLS,U.S. City Average,U.S. City Average,1.377,pound,Spaghetti and macaroni,APU0000701322,,,,,,,,False
2024-06-01,Pasta,BLS,U.S. City Average,U.S. City Average,1.435,pound,Spaghetti and macaroni,APU0000701322,,,,,,,,False
2024-07-01,Pasta,BLS,U.S. City Average,U.S. City Average,1.432,pound,Spaghetti and macaroni,APU0000701322,,,,,,,,False
2024-08-01,Pasta,BLS,U.S. City Average,U.S. City Average,1.421,pound,Spaghetti and macaroni,APU0000701322,,,,,,,,False
2024-09-01,Pasta,BLS,U.S. City Average,U.S. City Average,1.431,pound,Spaghetti and macaroni,APU0000701322,,,,,,,,False
2024-10-01,Pasta,BLS,U.S. City Average,U.S. City Average,1.445,pound,Spaghetti and macaroni,APU0000701322,,,,,,,,False
2024-11-01,Pasta,BLS,U.S. City Average,U.S. City Average,1.367,pound,Spaghetti and macaroni,APU0000701322,,,,,,,,False
2024-12-01,Pasta,BLS,U.S. City Average,U.S. City Average,1.38,pound,Spaghetti and macaroni,APU0000701322,,,,,,,,False
2025-01-01,Pasta,BLS,U.S. City Average,U.S. City Average,1.366,pound,Spaghetti and macaroni,APU0000701322,,,,,,,,False
2025-02-01,Pasta,BLS,U.S. City Average,U.S. City Average,1.381,pound,Spaghetti and macaroni,APU0000701322,,,,,,,,False
2025-03-01,Pasta,BLS,U.S. City Average,U.S. City Average,1.379,pound,Spaghetti and macaroni,APU0000701322,,,,,,,,False
2025-04-01,Pasta,BLS,U.S. City Average,U.S. City Average,1.361,pound,Spaghetti and macaroni,APU0000701322,,,,,,,,False
2025-05-01,Pasta,BLS,U.S. City Average,U.S. City Average,1.322,pound,Spaghetti and macaroni,APU0000701322,,,,,,,,False
2025-06-01,Pasta,BLS,U.S. City Average,U.S. City Average,1.318,pound,Spaghetti and macaroni,APU0000701322,,,,,,,,False
2025-07-01,Pasta,BLS,U.S. City Average,U.S. City Average,1.306,pound,Spaghetti and macaroni,APU0000701322,,,,,,,,False
2025-08-01,Pasta,BLS,U.S. City Average,U.S. City Average,1.294,pound,Spaghetti and macaroni,APU0000701322,,,,,,,,False
2025-09-01,Pasta,BLS,U.S. City Average,U.S. City Average,1.205,pound,Spaghetti and macaroni,APU0000701322,,,,,,,,False
2025-11-01,Pasta,BLS,U.S. City Average,U.S. City Average,1.3,pound,Spaghetti and macaroni,APU0000701322,,,,,,,,False
2025-12-01,Pasta,BLS,U.S. City Average,U.S. City Average,1.311,pound,Spaghetti and macaroni,APU0000701322,,,,,,,,False
2026-01-01,Pasta,BLS,U.S. City Average,U.S. City Average,1.325,pound,Spaghetti and macaroni,APU0000701322,,,,,,,,False
2026-02-01,Pasta,BLS,U.S. City Average,U.S. City Average,1.323,pound,Spaghetti and macaroni,APU0000701322,,,,,,,,False
2026-03-01,Pasta,BLS,U.S. City Average,U.S. City Average,1.308,pound,Spaghetti and macaroni,APU0000701322,,,,,,,,False
2026-04-01,Pasta,BLS,U.S. City Average,U.S. City Average,1.343,pound,Spaghetti and macaroni,APU0000701322,,,,,,,,False
2026-05-01,Pasta,BLS,U.S. City Average,U.S. City Average,1.374,pound,Spaghetti and macaroni,APU0000701322,,,,,,,,False
2026-06-01,Pasta,BLS,U.S. City Average,U.S. City Average,1.367,pound,Spaghetti and macaroni,APU0000701322,,,,,,,,False
2026-07-01,Pasta,BLS,U.S. City Average,U.S. City Average,1.381,pound,Spaghetti and macaroni,APU0000701322,,,,,,,,False
2026-08-25,Pasta,Kroger,Kroger On the Rhine,"Cincinnati, OH",1.25,pound,Kroger Spaghetti,0001111085004,16 oz,01400513,1.33,1.25,1.25,1.33,1.25,True
2026-08-26,Pasta,Kroger,Kroger On the Rhine,"Cincinnati, OH",1.25,pound,Kroger Spaghetti,0001111085004,16 oz,01400513,1.33,1.25,1.25,1.33,1.25,True
2026-08-27,Pasta,Kroger,Kroger On the Rhine,"Cincinnati, OH",1.25,pound,Kroger Spaghetti,0001111085004,16 oz,01400513,1.33,1.25,1.25,1.33,1.25,True
2026-08-28,Pasta,Kroger,Kroger On the Rhine,"Cincinnati, OH",1.25,pound,Kroger Spaghetti,0001111085004,16 oz,01400513,1.33,1.25,1.25,1.33,1.25,True
2026-08-29,Pasta,Kroger,Kroger On the Rhine,"Cincinnati, OH",1.25,pound,Kroger Spaghetti,0001111085004,16 oz,01400513,1.33,1.25,1.25,1.33,1.25,True
2026-08-30,Pasta,Kroger,Kroger On the Rhine,"Cincinnati, OH",1.25,pound,Kroger Spaghetti,0001111085004,16 oz,01400513,1.33,1.25,1.25,1.33,1.25,True
2026-08-31,Pasta,Kroger,Kroger On the Rhine,"Cincinnati, OH",1.25,pound,Kroger Spaghetti,0001111085004,16 oz,01400513,1.33,1.25,1.25,1.33,1.25,True
2026-09-01,Pasta,Kroger,Kroger On the Rhine,"Cincinnati, OH",1.25,pound,Kroger Spaghetti,0001111085004,16 oz,01400513,1.33,1.25,1.25,1.33,1.25,True
2026-09-02,Pasta,Kroger,Kroger On the Rhine,"Cincinnati, OH",1.33,pound,Kroger Spaghetti,0001111085004,16 oz,01400513,1.33,,1.33,1.33,,False
2026-09-03,Pasta,Kroger,Kroger On the Rhine,"Cincinnati, OH",1.33,pound,Kroger Spaghetti,0001111085004,16 oz,01400513,1.33,,1.33,1.33,,False
2026-09-04,Pasta,Kroger,Kroger On the Rhine,"Cincinnati, OH",1.33,pound,Kroger Spaghetti,0001111085004,16 oz,01400513,1.33,,1.33,1.33,,False
2026-09-05,Pasta,Kroger,Kroger On the Rhine,"Cincinnati, OH",1.33,pound,Kroger Spaghetti,0001111085004,16 oz,01400513,1.33,,1.33,1.33,,False
2026-09-06,Pasta,Kroger,Kroger On the Rhine,"Cincinnati, OH",1.33,pound,Kroger Spaghetti,0001111085004,16 oz,01400513,1.33,,1.33,1.33,,False
2026-09-07,Pasta,Kroger,Kroger On the Rhine,"Cincinnati, OH",1.33,pound,Kroger Spaghetti,0001111085004,16 oz,01400513,1.33,,1.33,1.33,,False
2026-09-08,Pasta,Kroger,Kroger On the Rhine,"Cincinnati, OH",1.33,pound,Kroger Spaghetti,0001111085004,16 oz,01400513,1.33,,1.33,1.33,,False
2026-09-09,Pasta,Kroger,Kroger On the Rhine,"Cincinnati, OH",1.33,pound,Kroger Spaghetti,0001111085004,16 oz,01400513,1.33,,1.33,1.33,,False
2026-09-10,Pasta,Kroger,Kroger On the Rhine,"Cincinnati, OH",1.33,pound,Kroger Spaghetti,0001111085004,16 oz,01400513,1.33,,1.33,1.33,,False
2026-09-11,Pasta,Kroger,Kroger On the Rhine,"Cincinnati, OH",1.33,pound,Kroger Spaghetti,0001111085004,16 oz,01400513,1.33,,1.33,1.33,,False
2026-09-12,Pasta,Kroger,Kroger On the Rhine,"Cincinnati, OH",1.33,pound,Kroger Spaghetti,0001111085004,16 oz,01400513,1.33,,1.33,1.33,,False
2026-09-13,Pasta,Kroger,Kroger On the Rhine,"Cincinnati, OH",1.33,pound,Kroger Spaghetti,0001111085004,16 oz,01400513,1.33,,1.33,1.33,,False
2026-09-14,Pasta,Kroger,Kroger On the Rhine,"Cincinnati, OH",1.33,pound,Kroger Spaghetti,0001111085004,16 oz,01400513,1.33,,1.33,1.33,,False
2026-08-25,Peanut Butter,Kroger,Kroger On the Rhine,"Cincinnati, OH",2.19,pound,Kroger Creamy Peanut Butter,0001111001618,16 oz,01400513,2.29,2.19,2.19,2.29,2.19,True
2026-08-26,Peanut Butter,Kroger,Kroger On the Rhine,"Cincinnati, OH",2.29,pound,Kroger Creamy Peanut Butter,0001111001618,16 oz,01400513,2.29,,2.29,2.29,,False
2026-08-27,Peanut Butter,Kroger,Kroger On the Rhine,"Cincinnati, OH",2.29,pound,Kroger Creamy Peanut Butter,0001111001618,16 oz,01400513,2.29,,2.29,2.29,,False
2026-08-28,Peanut Butter,Kroger,Kroger On the Rhine,"Cincinnati, OH",2.29,pound,Kroger Creamy Peanut Butter,0001111001618,16 oz,01400513,2.29,,2.29,2.29,,False
2026-08-29,Peanut Butter,Kroger,Kroger On the Rhine,"Cincinnati, OH",2.29,pound,Kroger Creamy Peanut Butter,0001111001618,16 oz,01400513,2.29,,2.29,2.29,,False
2026-08-30,Peanut Butter,Kroger,Kroger On the Rhine,"Cincinnati, OH",2.29,pound,Kroger Creamy Peanut Butter,0001111001618,16 oz,01400513,2.29,,2.29,2.29,,False
2026-08-31,Peanut Butter,Kroger,Kroger On the Rhine,"Cincinnati, OH",2.29,pound,Kroger Creamy Peanut Butter,0001111001618,16 oz,01400513,2.29,,2.29,2.29,,False
2026-09-01,Peanut Butter,Kroger,Kroger On the Rhine,"Cincinnati, OH",2.29,pound,Kroger Creamy Peanut Butter,0001111001618,16 oz,01400513,2.29,,2.29,2.29,,False
2026-09-02,Peanut Butter,Kroger,Kroger On the Rhine,"Cincinnati, OH",2.29,pound,Kroger Creamy Peanut Butter,0001111001618,16 oz,01400513,2.29,,2.29,2.29,,False
2026-09-03,Peanut Butter,Kroger,Kroger On the Rhine,"Cincinnati, OH",2.29,pound,Kroger Creamy Peanut Butter,0001111001618,16 oz,01400513,2.29,,2.29,2.29,,False
2026-09-04,Peanut Butter,Kroger,Kroger On the Rhine,"Cincinnati, OH",2.29,pound,Kroger Creamy Peanut Butter,0001111001618,16 oz,01400513,2.29,,2.29,2.29,,False
2026-09-05,Peanut Butter,Kroger,Kroger On the Rhine,"Cincinnati, OH",2.29,pound,Kroger Creamy Peanut Butter,0001111001618,16 oz,01400513,2.29,,2.29,2.29,,False
2026-09-06,Peanut Butter,Kroger,Kroger On the Rhine,"Cincinnati, OH",2.29,pound,Kroger Creamy Peanut Butter,0001111001618,16 oz,01400513,2.29,,2.29,2.29,,False
2026-09-07,Peanut Butter,Kroger,Kroger On the Rhine,"Cincinnati, OH",2.29,pound,Kroger Creamy Peanut Butter,0001111001618,16 oz,01400513,2.29,,2.29,2.29,,False
2026-09-08,Peanut Butter,Kroger,Kroger On the Rhine,"Cincinnati, OH",2.29,pound,Kroger Creamy Peanut Butter,0001111001618,16 oz,01400513,2.29,,2.29,2.29,,False
2026-09-09,Peanut Butter,Kroger,Kroger On the Rhine,"Cincinnati, OH",2.29,pound,Kroger Creamy Peanut Butter,0001111001618,16 oz,01400513,2.29,,2.29,2.29,,False
2026-09-10,Peanut Butter,Kroger,Kroger On the Rhine,"Cincinnati, OH",2.29,pound,Kroger Creamy Peanut Butter,0001111001618,16 oz,01400513,2.29,,2.29,2.29,,False
2026-09-11,Peanut Butter,Kroger,Kroger On the Rhine,"Cincinnati, OH",2.29,pound,Kroger Creamy Peanut Butter,0001111001618,16 oz,01400513,2.29,,2.29,2.29,,False
2026-09-12,Peanut Butter,Kroger,Kroger On the Rhine,"Cincinnati, OH",2.29,pound,Kroger Creamy Peanut Butter,0001111001618,16 oz,01400513,2.29,,2.29,2.29,,False
2026-09-13,Peanut Butter,Kroger,Kroger On the Rhine,"Cincinnati, OH",2.29,pound,Kroger Creamy Peanut Butter,0001111001618,16 oz,01400513,2.29,,2.29,2.29,,False
2026-09-14,Peanut Butter,Kroger,Kroger On the Rhine,"Cincinnati, OH",2.29,pound,Kroger Creamy Peanut Butter,0001111001618,16 oz,01400513,2.29,,2.29,2.29,,False
2017-01-01,Potato Chips,BLS,U.S. City Average,U.S. City Average,4.39,pound,Potato chips,APU0000718311,,,,,,,,False
2017-02-01,Potato Chips,BLS,U.S. City Average,U.S. City Average,4.334,pound,Potato chips,APU0000718311,,,,,,,,False
2017-03-01,Potato Chips,BLS,U.S. City Average,U.S. City Average,4.365,pound,Potato chips,APU0000718311,,,,,,,,False
2017-04-01,Potato Chips,BLS,U.S. City Average,U.S. City Average,4.369,pound,Potato chips,APU0000718311,,,,,,,,False
2017-05-01,Potato Chips,BLS,U.S. City Average,U.S. City Average,4.439,pound,Potato chips,APU0000718311,,,,,,,,False
2017-06-01,Potato Chips,BLS,U.S. City Average,U.S. City Average,4.428,pound,Potato chips,APU0000718311,,,,,,,,False
2017-07-01,Potato Chips,BLS,U.S. City Average,U.S. City Average,4.391,pound,Potato chips,APU0000718311,,,,,,,,False
2017-08-01,Potato Chips,BLS,U.S. City Average,U.S. City Average,4.37,pound,Potato chips,APU0000718311,,,,,,,,False
2017-09-01,Potato Chips,BLS,U.S. City Average,U.S. City Average,4.389,pound,Potato chips,APU0000718311,,,,,,,,False
2017-10-01,Potato Chips,BLS,U.S. City Average,U.S. City Average,4.48,pound,Potato chips,APU0000718311,,,,,,,,False
2017-11-01,Potato Chips,BLS,U.S. City Average,U.S. City Average,4.521,pound,Potato chips,APU0000718311,,,,,,,,False
2017-12-01,Potato Chips,BLS,U.S. City Average,U.S. City Average,4.431,pound,Potato chips,APU0000718311,,,,,,,,False
2018-01-01,Potato Chips,BLS,U.S. City Average,U.S. City Average,4.386,pound,Potato chips,APU0000718311,,,,,,,,False
2018-02-01,Potato Chips,BLS,U.S. City Average,U.S. City Average,4.344,pound,Potato chips,APU0000718311,,,,,,,,False
2018-03-01,Potato Chips,BLS,U.S. City Average,U.S. City Average,4.446,pound,Potato chips,APU0000718311,,,,,,,,False
2018-04-01,Potato Chips,BLS,U.S. City Average,U.S. City Average,4.448,pound,Potato chips,APU0000718311,,,,,,,,False
2018-05-01,Potato Chips,BLS,U.S. City Average,U.S. City Average,4.491,pound,Potato chips,APU0000718311,,,,,,,,False
2018-06-01,Potato Chips,BLS,U.S. City Average,U.S. City Average,4.441,pound,Potato chips,APU0000718311,,,,,,,,False
2018-07-01,Potato Chips,BLS,U.S. City Average,U.S. City Average,4.407,pound,Potato chips,APU0000718311,,,,,,,,False
2018-08-01,Potato Chips,BLS,U.S. City Average,U.S. City Average,4.446,pound,Potato chips,APU0000718311,,,,,,,,False
2018-09-01,Potato Chips,BLS,U.S. City Average,U.S. City Average,4.432,pound,Potato chips,APU0000718311,,,,,,,,False
2018-10-01,Potato Chips,BLS,U.S. City Average,U.S. City Average,4.473,pound,Potato chips,APU0000718311,,,,,,,,False
2018-11-01,Potato Chips,BLS,U.S. City Average,U.S. City Average,4.59,pound,Potato chips,APU0000718311,,,,,,,,False
2018-12-01,Potato Chips,BLS,U.S. City Average,U.S. City Average,4.447,pound,Potato chips,APU0000718311,,,,,,,,False
2019-01-01,Potato Chips,BLS,U.S. City Average,U.S. City Average,4.432,pound,Potato chips,APU0000718311,,,,,,,,False
2019-02-01,Potato Chips,BLS,U.S. City Average,U.S. City Average,4.503,pound,Potato chips,APU0000718311,,,,,,,,False
2019-03-01,Potato Chips,BLS,U.S. City Average,U.S. City Average,4.587,pound,Potato chips,APU0000718311,,,,,,,,False
2019-04-01,Potato Chips,BLS,U.S. City Average,U.S. City Average,4.508,pound,Potato chips,APU0000718311,,,,,,,,False
2019-05-01,Potato Chips,BLS,U.S. City Average,U.S. City Average,4.407,pound,Potato chips,APU0000718311,,,,,,,,False
2019-06-01,Potato Chips,BLS,U.S. City Average,U.S. City Average,4.452,pound,Potato chips,APU0000718311,,,,,,,,False
2019-07-01,Potato Chips,BLS,U.S. City Average,U.S. City Average,4.377,pound,Potato chips,APU0000718311,,,,,,,,False
2019-08-01,Potato Chips,BLS,U.S. City Average,U.S. City Average,4.382,pound,Potato chips,APU0000718311,,,,,,,,False
2019-09-01,Potato Chips,BLS,U.S. City Average,U.S. City Average,4.561,pound,Potato chips,APU0000718311,,,,,,,,False
2019-10-01,Potato Chips,BLS,U.S. City Average,U.S. City Average,4.389,pound,Potato chips,APU0000718311,,,,,,,,False
2019-11-01,Potato Chips,BLS,U.S. City Average,U.S. City Average,4.692,pound,Potato chips,APU0000718311,,,,,,,,False
2019-12-01,Potato Chips,BLS,U.S. City Average,U.S. City Average,4.532,pound,Potato chips,APU0000718311,,,,,,,,False
2020-01-01,Potato Chips,BLS,U.S. City Average,U.S. City Average,4.494,pound,Potato chips,APU0000718311,,,,,,,,False
2020-02-01,Potato Chips,BLS,U.S. City Average,U.S. City Average,4.594,pound,Potato chips,APU0000718311,,,,,,,,False
2020-03-01,Potato Chips,BLS,U.S. City Average,U.S. City Average,4.63,pound,Potato chips,APU0000718311,,,,,,,,False
2020-04-01,Potato Chips,BLS,U.S. City Average,U.S. City Average,4.88,pound,Potato chips,APU0000718311,,,,,,,,False
2020-05-01,Potato Chips,BLS,U.S. City Average,U.S. City Average,4.985,pound,Potato chips,APU0000718311,,,,,,,,False
2020-06-01,Potato Chips,BLS,U.S. City Average,U.S. City Average,5.087,pound,Potato chips,APU0000718311,,,,,,,,False
2020-07-01,Potato Chips,BLS,U.S. City Average,U.S. City Average,5.104,pound,Potato chips,APU0000718311,,,,,,,,False
2020-08-01,Potato Chips,BLS,U.S. City Average,U.S. City Average,5.07,pound,Potato chips,APU0000718311,,,,,,,,False
2020-09-01,Potato Chips,BLS,U.S. City Average,U.S. City Average,5.024,pound,Potato chips,APU0000718311,,,,,,,,False
2020-10-01,Potato Chips,BLS,U.S. City Average,U.S. City Average,5.039,pound,Potato chips,APU0000718311,,,,,,,,False
2020-11-01,Potato Chips,BLS,U.S. City Average,U.S. City Average,5.085,pound,Potato chips,APU0000718311,,,,,,,,False
2020-12-01,Potato Chips,BLS,U.S. City Average,U.S. City Average,5.077,pound,Potato chips,APU0000718311,,,,,,,,False
2021-01-01,Potato Chips,BLS,U.S. City Average,U.S. City Average,4.942,pound,Potato chips,APU0000718311,,,,,,,,False
2021-02-01,Potato Chips,BLS,U.S. City Average,U.S. City Average,5.046,pound,Potato chips,APU0000718311,,,,,,,,False
2021-03-01,Potato Chips,BLS,U.S. City Average,U.S. City Average,5.043,pound,Potato chips,APU0000718311,,,,,,,,False
2021-04-01,Potato Chips,BLS,U.S. City Average,U.S. City Average,5.092,pound,Potato chips,APU0000718311,,,,,,,,False
2021-05-01,Potato Chips,BLS,U.S. City Average,U.S. City Average,4.929,pound,Potato chips,APU0000718311,,,,,,,,False
2021-06-01,Potato Chips,BLS,U.S. City Average,U.S. City Average,5.02,pound,Potato chips,APU0000718311,,,,,,,,False
2021-07-01,Potato Chips,BLS,U.S. City Average,U.S. City Average,5.003,pound,Potato chips,APU0000718311,,,,,,,,False
2021-08-01,Potato Chips,BLS,U.S. City Average,U.S. City Average,5.111,pound,Potato chips,APU0000718311,,,,,,,,False
2021-09-01,Potato Chips,BLS,U.S. City Average,U.S. City Average,5.058,pound,Potato chips,APU0000718311,,,,,,,,False
2021-10-01,Potato Chips,BLS,U.S. City Average,U.S. City Average,5.273,pound,Potato chips,APU0000718311,,,,,,,,False
2021-11-01,Potato Chips,BLS,U.S. City Average,U.S. City Average,5.246,pound,Potato chips,APU0000718311,,,,,,,,False
2021-12-01,Potato Chips,BLS,U.S. City Average,U.S. City Average,5.15,pound,Potato chips,APU0000718311,,,,,,,,False
2022-01-01,Potato Chips,BLS,U.S. City Average,U.S. City Average,5.258,pound,Potato chips,APU0000718311,,,,,,,,False
2022-02-01,Potato Chips,BLS,U.S. City Average,U.S. City Average,5.363,pound,Potato chips,APU0000718311,,,,,,,,False
2022-03-01,Potato Chips,BLS,U.S. City Average,U.S. City Average,5.487,pound,Potato chips,APU0000718311,,,,,,,,False
2022-04-01,Potato Chips,BLS,U.S. City Average,U.S. City Average,5.601,pound,Potato chips,APU0000718311,,,,,,,,False
2022-05-01,Potato Chips,BLS,U.S. City Average,U.S. City Average,5.619,pound,Potato chips,APU0000718311,,,,,,,,False
2022-06-01,Potato Chips,BLS,U.S. City Average,U.S. City Average,5.766,pound,Potato chips,APU0000718311,,,,,,,,False
2022-07-01,Potato Chips,BLS,U.S. City Average,U.S. City Average,5.894,pound,Potato chips,APU0000718311,,,,,,,,False
2022-08-01,Potato Chips,BLS,U.S. City Average,U.S. City Average,5.941,pound,Potato chips,APU0000718311,,,,,,,,False
2022-09-01,Potato Chips,BLS,U.S. City Average,U.S. City Average,6.058,pound,Potato chips,APU0000718311,,,,,,,,False
2022-10-01,Potato Chips,BLS,U.S. City Average,U.S. City Average,6.402,pound,Potato chips,APU0000718311,,,,,,,,False
2022-11-01,Potato Chips,BLS,U.S. City Average,U.S. City Average,6.253,pound,Potato chips,APU0000718311,,,,,,,,False
2022-12-01,Potato Chips,BLS,U.S. City Average,U.S. City Average,6.283,pound,Potato chips,APU0000718311,,,,,,,,False
2023-01-01,Potato Chips,BLS,U.S. City Average,U.S. City Average,6.238,pound,Potato chips,APU0000718311,,,,,,,,False
2023-02-01,Potato Chips,BLS,U.S. City Average,U.S. City Average,6.171,pound,Potato chips,APU0000718311,,,,,,,,False
2023-03-01,Potato Chips,BLS,U.S. City Average,U.S. City Average,6.526,pound,Potato chips,APU0000718311,,,,,,,,False
2023-04-01,Potato Chips,BLS,U.S. City Average,U.S. City Average,6.623,pound,Potato chips,APU0000718311,,,,,,,,False
2023-05-01,Potato Chips,BLS,U.S. City Average,U.S. City Average,6.454,pound,Potato chips,APU0000718311,,,,,,,,False
2023-06-01,Potato Chips,BLS,U.S. City Average,U.S. City Average,6.283,pound,Potato chips,APU0000718311,,,,,,,,False
2023-07-01,Potato Chips,BLS,U.S. City Average,U.S. City Average,6.476,pound,Potato chips,APU0000718311,,,,,,,,False
2023-08-01,Potato Chips,BLS,U.S. City Average,U.S. City Average,6.463,pound,Potato chips,APU0000718311,,,,,,,,False
2023-09-01,Potato Chips,BLS,U.S. City Average,U.S. City Average,6.562,pound,Potato chips,APU0000718311,,,,,,,,False
2023-10-01,Potato Chips,BLS,U.S. City Average,U.S. City Average,6.682,pound,Potato chips,APU0000718311,,,,,,,,False
2023-11-01,Potato Chips,BLS,U.S. City Average,U.S. City Average,6.459,pound,Potato chips,APU0000718311,,,,,,,,False
2023-12-01,Potato Chips,BLS,U.S. City Average,U.S. City Average,6.408,pound,Potato chips,APU0000718311,,,,,,,,False
2024-01-01,Potato Chips,BLS,U.S. City Average,U.S. City Average,6.389,pound,Potato chips,APU0000718311,,,,,,,,False
2024-02-01,Potato Chips,BLS,U.S. City Average,U.S. City Average,6.41,pound,Potato chips,APU0000718311,,,,,,,,False
2024-03-01,Potato Chips,BLS,U.S. City Average,U.S. City Average,6.572,pound,Potato chips,APU0000718311,,,,,,,,False
2024-04-01,Potato Chips,BLS,U.S. City Average,U.S. City Average,6.504,pound,Potato chips,APU0000718311,,,,,,,,False
2024-05-01,Potato Chips,BLS,U.S. City Average,U.S. City Average,6.629,pound,Potato chips,APU0000718311,,,,,,,,False
2024-06-01,Potato Chips,BLS,U.S. City Average,U.S. City Average,6.566,pound,Potato chips,APU0000718311,,,,,,,,False
2024-07-01,Potato Chips,BLS,U.S. City Average,U.S. City Average,6.323,pound,Potato chips,APU0000718311,,,,,,,,False
2024-08-01,Potato Chips,BLS,U.S. City Average,U.S. City Average,6.246,pound,Potato chips,APU0000718311,,,,,,,,False
2024-09-01,Potato Chips,BLS,U.S. City Average,U.S. City Average,6.466,pound,Potato chips,APU0000718311,,,,,,,,False
2024-10-01,Potato Chips,BLS,U.S. City Average,U.S. City Average,6.517,pound,Potato chips,APU0000718311,,,,,,,,False
2024-11-01,Potato Chips,BLS,U.S. City Average,U.S. City Average,6.511,pound,Potato chips,APU0000718311,,,,,,,,False
2024-12-01,Potato Chips,BLS,U.S. City Average,U.S. City Average,6.324,pound,Potato chips,APU0000718311,,,,,,,,False
2025-01-01,Potato Chips,BLS,U.S. City Average,U.S. City Average,6.474,pound,Potato chips,APU0000718311,,,,,,,,False
2025-02-01,Potato Chips,BLS,U.S. City Average,U.S. City Average,6.462,pound,Potato chips,APU0000718311,,,,,,,,False
2025-03-01,Potato Chips,BLS,U.S. City Average,U.S. City Average,6.536,pound,Potato chips,APU0000718311,,,,,,,,False
2025-04-01,Potato Chips,BLS,U.S. City Average,U.S. City Average,6.611,pound,Potato chips,APU0000718311,,,,,,,,False
2025-05-01,Potato Chips,BLS,U.S. City Average,U.S. City Average,6.731,pound,Potato chips,APU0000718311,,,,,,,,False
2025-06-01,Potato Chips,BLS,U.S. City Average,U.S. City Average,6.815,pound,Potato chips,APU0000718311,,,,,,,,False
2025-07-01,Potato Chips,BLS,U.S. City Average,U.S. City Average,6.797,pound,Potato chips,APU0000718311,,,,,,,,False
2025-08-01,Potato Chips,BLS,U.S. City Average,U.S. City Average,6.751,pound,Potato chips,APU0000718311,,,,,,,,False
2025-09-01,Potato Chips,BLS,U.S. City Average,U.S. City Average,6.971,pound,Potato chips,APU0000718311,,,,,,,,False
2025-11-01,Potato Chips,BLS,U.S. City Average,U.S. City Average,6.821,pound,Potato chips,APU0000718311,,,,,,,,False
2025-12-01,Potato Chips,BLS,U.S. City Average,U.S. City Average,6.788,pound,Potato chips,APU0000718311,,,,,,,,False
2026-01-01,Potato Chips,BLS,U.S. City Average,U.S. City Average,6.629,pound,Potato chips,APU0000718311,,,,,,,,False
2026-02-01,Potato Chips,BLS,U.S. City Average,U.S. City Average,6.827,pound,Potato chips,APU0000718311,,,,,,,,False
2026-03-01,Potato Chips,BLS,U.S. City Average,U.S. City Average,6.712,pound,Potato chips,APU0000718311,,,,,,,,False
2026-04-01,Potato Chips,BLS,U.S. City Average,U.S. City Average,6.748,pound,Potato chips,APU0000718311,,,,,,,,False
2026-05-01,Potato Chips,BLS,U.S. City Average,U.S. City Average,6.58,pound,Potato chips,APU0000718311,,,,,,,,False
2026-06-01,Potato Chips,BLS,U.S. City Average,U.S. City Average,6.632,pound,Potato chips,APU0000718311,,,,,,,,False
2026-07-01,Potato Chips,BLS,U.S. City Average,U.S. City Average,6.559,pound,Potato chips,APU0000718311,,,,,,,,False
2026-08-25,Potato Chips,Kroger,Kroger On the Rhine,"Cincinnati, OH",3.58,pound,Kroger Classic Potato Chips,0001111008889,8 oz,01400513,1.79,,1.79,3.58,,False
2026-08-26,Potato Chips,Kroger,Kroger On the Rhine,"Cincinnati, OH",3.58,pound,Kroger Classic Potato Chips,0001111008889,8 oz,01400513,1.79,,1.79,3.58,,False
2026-08-27,Potato Chips,Kroger,Kroger On the Rhine,"Cincinnati, OH",3.58,pound,Kroger Classic Potato Chips,0001111008889,8 oz,01400513,1.79,,1.79,3.58,,False
2026-08-28,Potato Chips,Kroger,Kroger On the Rhine,"Cincinnati, OH",3.58,pound,Kroger Classic Potato Chips,0001111008889,8 oz,01400513,1.79,,1.79,3.58,,False
2026-08-29,Potato Chips,Kroger,Kroger On the Rhine,"Cincinnati, OH",3.58,pound,Kroger Classic Potato Chips,0001111008889,8 oz,01400513,1.79,,1.79,3.58,,False
2026-08-30,Potato Chips,Kroger,Kroger On the Rhine,"Cincinnati, OH",3.58,pound,Kroger Classic Potato Chips,0001111008889,8 oz,01400513,1.79,,1.79,3.58,,False
2026-08-31,Potato Chips,Kroger,Kroger On the Rhine,"Cincinnati, OH",3.58,pound,Kroger Classic Potato Chips,0001111008889,8 oz,01400513,1.79,,1.79,3.58,,False
2026-09-01,Potato Chips,Kroger,Kroger On the Rhine,"Cincinnati, OH",3.58,pound,Kroger Classic Potato Chips,0001111008889,8 oz,01400513,1.79,,1.79,3.58,,False
2026-09-02,Potato Chips,Kroger,Kroger On the Rhine,"Cincinnati, OH",3.58,pound,Kroger Classic Potato Chips,0001111008889,8 oz,01400513,1.79,,1.79,3.58,,False
2026-09-03,Potato Chips,Kroger,Kroger On the Rhine,"Cincinnati, OH",3.58,pound,Kroger Classic Potato Chips,0001111008889,8 oz,01400513,1.79,,1.79,3.58,,False
2026-09-04,Potato Chips,Kroger,Kroger On the Rhine,"Cincinnati, OH",3.58,pound,Kroger Classic Potato Chips,0001111008889,8 oz,01400513,1.79,,1.79,3.58,,False
2026-09-05,Potato Chips,Kroger,Kroger On the Rhine,"Cincinnati, OH",3.58,pound,Kroger Classic Potato Chips,0001111008889,8 oz,01400513,1.79,,1.79,3.58,,False
2026-09-06,Potato Chips,Kroger,Kroger On the Rhine,"Cincinnati, OH",3.58,pound,Kroger Classic Potato Chips,0001111008889,8 oz,01400513,1.79,,1.79,3.58,,False
2026-09-07,Potato Chips,Kroger,Kroger On the Rhine,"Cincinnati, OH",3.58,pound,Kroger Classic Potato Chips,0001111008889,8 oz,01400513,1.79,,1.79,3.58,,False
2026-09-08,Potato Chips,Kroger,Kroger On the Rhine,"Cincinnati, OH",3.58,pound,Kroger Classic Potato Chips,0001111008889,8 oz,01400513,1.79,,1.79,3.58,,False
2026-09-09,Potato Chips,Kroger,Kroger On the Rhine,"Cincinnati, OH",3.58,pound,Kroger Classic Potato Chips,0001111008889,8 oz,01400513,1.79,,1.79,3.58,,False
2026-09-10,Potato Chips,Kroger,Kroger On the Rhine,"Cincinnati, OH",3.58,pound,Kroger Classic Potato Chips,0001111008889,8 oz,01400513,1.79,,1.79,3.58,,False
2026-09-11,Potato Chips,Kroger,Kroger On the Rhine,"Cincinnati, OH",3.58,pound,Kroger Classic Potato Chips,0001111008889,8 oz,01400513,1.79,,1.79,3.58,,False
2026-09-12,Potato Chips,Kroger,Kroger On the Rhine,"Cincinnati, OH",3.58,pound,Kroger Classic Potato Chips,0001111008889,8 oz,01400513,1.79,,1.79,3.58,,False
2026-09-13,Potato Chips,Kroger,Kroger On the Rhine,"Cincinnati, OH",3.58,pound,Kroger Classic Potato Chips,0001111008889,8 oz,01400513,1.79,,1.79,3.58,,False
2026-09-14,Potato Chips,Kroger,Kroger On the Rhine,"Cincinnati, OH",3.58,pound,Kroger Classic Potato Chips,0001111008889,8 oz,01400513,1.79,,1.79,3.58,,False
2017-01-01,Potatoes,BLS,U.S. City Average,U.S. City Average,0.696,pound,"Potatoes, white",APU0000712112,,,,,,,,False
2017-02-01,Potatoes,BLS,U.S. City Average,U.S. City Average,0.703,pound,"Potatoes, white",APU0000712112,,,,,,,,False
2017-03-01,Potatoes,BLS,U.S. City Average,U.S. City Average,0.689,pound,"Potatoes, white",APU0000712112,,,,,,,,False
2017-04-01,Potatoes,BLS,U.S. City Average,U.S. City Average,0.698,pound,"Potatoes, white",APU0000712112,,,,,,,,False
2017-05-01,Potatoes,BLS,U.S. City Average,U.S. City Average,0.706,pound,"Potatoes, white",APU0000712112,,,,,,,,False
2017-06-01,Potatoes,BLS,U.S. City Average,U.S. City Average,0.733,pound,"Potatoes, white",APU0000712112,,,,,,,,False
2017-07-01,Potatoes,BLS,U.S. City Average,U.S. City Average,0.752,pound,"Potatoes, white",APU0000712112,,,,,,,,False
2017-08-01,Potatoes,BLS,U.S. City Average,U.S. City Average,0.75,pound,"Potatoes, white",APU0000712112,,,,,,,,False
2017-09-01,Potatoes,BLS,U.S. City Average,U.S. City Average,0.745,pound,"Potatoes, white",APU0000712112,,,,,,,,False
2017-10-01,Potatoes,BLS,U.S. City Average,U.S. City Average,0.748,pound,"Potatoes, white",APU0000712112,,,,,,,,False
2017-11-01,Potatoes,BLS,U.S. City Average,U.S. City Average,0.733,pound,"Potatoes, white",APU0000712112,,,,,,,,False
2017-12-01,Potatoes,BLS,U.S. City Average,U.S. City Average,0.731,pound,"Potatoes, white",APU0000712112,,,,,,,,False
2018-01-01,Potatoes,BLS,U.S. City Average,U.S. City Average,0.73,pound,"Potatoes, white",APU0000712112,,,,,,,,False
2018-02-01,Potatoes,BLS,U.S. City Average,U.S. City Average,0.736,pound,"Potatoes, white",APU0000712112,,,,,,,,False
2018-03-01,Potatoes,BLS,U.S. City Average,U.S. City Average,0.727,pound,"Potatoes, white",APU0000712112,,,,,,,,False
2018-04-01,Potatoes,BLS,U.S. City Average,U.S. City Average,0.728,pound,"Potatoes, white",APU0000712112,,,,,,,,False
2018-05-01,Potatoes,BLS,U.S. City Average,U.S. City Average,0.739,pound,"Potatoes, white",APU0000712112,,,,,,,,False
2018-06-01,Potatoes,BLS,U.S. City Average,U.S. City Average,0.744,pound,"Potatoes, white",APU0000712112,,,,,,,,False
2018-07-01,Potatoes,BLS,U.S. City Average,U.S. City Average,0.765,pound,"Potatoes, white",APU0000712112,,,,,,,,False
2018-08-01,Potatoes,BLS,U.S. City Average,U.S. City Average,0.768,pound,"Potatoes, white",APU0000712112,,,,,,,,False
2018-09-01,Potatoes,BLS,U.S. City Average,U.S. City Average,0.75,pound,"Potatoes, white",APU0000712112,,,,,,,,False
2018-10-01,Potatoes,BLS,U.S. City Average,U.S. City Average,0.746,pound,"Potatoes, white",APU0000712112,,,,,,,,False
2018-11-01,Potatoes,BLS,U.S. City Average,U.S. City Average,0.725,pound,"Potatoes, white",APU0000712112,,,,,,,,False
2018-12-01,Potatoes,BLS,U.S. City Average,U.S. City Average,0.718,pound,"Potatoes, white",APU0000712112,,,,,,,,False
2019-01-01,Potatoes,BLS,U.S. City Average,U.S. City Average,0.749,pound,"Potatoes, white",APU0000712112,,,,,,,,False
2019-02-01,Potatoes,BLS,U.S. City Average,U.S. City Average,0.751,pound,"Potatoes, white",APU0000712112,,,,,,,,False
2019-03-01,Potatoes,BLS,U.S. City Average,U.S. City Average,0.755,pound,"Potatoes, white",APU0000712112,,,,,,,,False
2019-04-01,Potatoes,BLS,U.S. City Average,U.S. City Average,0.749,pound,"Potatoes, white",APU0000712112,,,,,,,,False
2019-05-01,Potatoes,BLS,U.S. City Average,U.S. City Average,0.772,pound,"Potatoes, white",APU0000712112,,,,,,,,False
2019-06-01,Potatoes,BLS,U.S. City Average,U.S. City Average,0.743,pound,"Potatoes, white",APU0000712112,,,,,,,,False
2019-07-01,Potatoes,BLS,U.S. City Average,U.S. City Average,0.78,pound,"Potatoes, white",APU0000712112,,,,,,,,False
2019-08-01,Potatoes,BLS,U.S. City Average,U.S. City Average,0.786,pound,"Potatoes, white",APU0000712112,,,,,,,,False
2019-09-01,Potatoes,BLS,U.S. City Average,U.S. City Average,0.794,pound,"Potatoes, white",APU0000712112,,,,,,,,False
2019-10-01,Potatoes,BLS,U.S. City Average,U.S. City Average,0.785,pound,"Potatoes, white",APU0000712112,,,,,,,,False
2019-11-01,Potatoes,BLS,U.S. City Average,U.S. City Average,0.764,pound,"Potatoes, white",APU0000712112,,,,,,,,False
2019-12-01,Potatoes,BLS,U.S. City Average,U.S. City Average,0.78,pound,"Potatoes, white",APU0000712112,,,,,,,,False
2020-01-01,Potatoes,BLS,U.S. City Average,U.S. City Average,0.802,pound,"Potatoes, white",APU0000712112,,,,,,,,False
2020-02-01,Potatoes,BLS,U.S. City Average,U.S. City Average,0.786,pound,"Potatoes, white",APU0000712112,,,,,,,,False
2020-05-01,Potatoes,BLS,U.S. City Average,U.S. City Average,0.855,pound,"Potatoes, white",APU0000712112,,,,,,,,False
2020-06-01,Potatoes,BLS,U.S. City Average,U.S. City Average,0.854,pound,"Potatoes, white",APU0000712112,,,,,,,,False
2020-07-01,Potatoes,BLS,U.S. City Average,U.S. City Average,0.854,pound,"Potatoes, white",APU0000712112,,,,,,,,False
2020-08-01,Potatoes,BLS,U.S. City Average,U.S. City Average,0.856,pound,"Potatoes, white",APU0000712112,,,,,,,,False
2020-09-01,Potatoes,BLS,U.S. City Average,U.S. City Average,0.798,pound,"Potatoes, white",APU0000712112,,,,,,,,False
2020-10-01,Potatoes,BLS,U.S. City Average,U.S. City Average,0.802,pound,"Potatoes, white",APU0000712112,,,,,,,,False
2020-11-01,Potatoes,BLS,U.S. City Average,U.S. City Average,0.756,pound,"Potatoes, white",APU0000712112,,,,,,,,False
2020-12-01,Potatoes,BLS,U.S. City Average,U.S. City Average,0.749,pound,"Potatoes, white",APU0000712112,,,,,,,,False
2021-01-01,Potatoes,BLS,U.S. City Average,U.S. City Average,0.782,pound,"Potatoes, white",APU0000712112,,,,,,,,False
2021-02-01,Potatoes,BLS,U.S. City Average,U.S. City Average,0.762,pound,"Potatoes, white",APU0000712112,,,,,,,,False
2021-03-01,Potatoes,BLS,U.S. City Average,U.S. City Average,0.786,pound,"Potatoes, white",APU0000712112,,,,,,,,False
2021-04-01,Potatoes,BLS,U.S. City Average,U.S. City Average,0.774,pound,"Potatoes, white",APU0000712112,,,,,,,,False
2021-05-01,Potatoes,BLS,U.S. City Average,U.S. City Average,0.764,pound,"Potatoes, white",APU0000712112,,,,,,,,False
2021-06-01,Potatoes,BLS,U.S. City Average,U.S. City Average,0.769,pound,"Potatoes, white",APU0000712112,,,,,,,,False
2021-07-01,Potatoes,BLS,U.S. City Average,U.S. City Average,0.776,pound,"Potatoes, white",APU0000712112,,,,,,,,False
2021-08-01,Potatoes,BLS,U.S. City Average,U.S. City Average,0.797,pound,"Potatoes, white",APU0000712112,,,,,,,,False
2021-09-01,Potatoes,BLS,U.S. City Average,U.S. City Average,0.798,pound,"Potatoes, white",APU0000712112,,,,,,,,False
2021-10-01,Potatoes,BLS,U.S. City Average,U.S. City Average,0.808,pound,"Potatoes, white",APU0000712112,,,,,,,,False
2021-11-01,Potatoes,BLS,U.S. City Average,U.S. City Average,0.767,pound,"Potatoes, white",APU0000712112,,,,,,,,False
2021-12-01,Potatoes,BLS,U.S. City Average,U.S. City Average,0.778,pound,"Potatoes, white",APU0000712112,,,,,,,,False
2022-01-01,Potatoes,BLS,U.S. City Average,U.S. City Average,0.792,pound,"Potatoes, white",APU0000712112,,,,,,,,False
2022-02-01,Potatoes,BLS,U.S. City Average,U.S. City Average,0.802,pound,"Potatoes, white",APU0000712112,,,,,,,,False
2022-03-01,Potatoes,BLS,U.S. City Average,U.S. City Average,0.825,pound,"Potatoes, white",APU0000712112,,,,,,,,False
2022-04-01,Potatoes,BLS,U.S. City Average,U.S. City Average,0.849,pound,"Potatoes, white",APU0000712112,,,,,,,,False
2022-05-01,Potatoes,BLS,U.S. City Average,U.S. City Average,0.875,pound,"Potatoes, white",APU0000712112,,,,,,,,False
2022-06-01,Potatoes,BLS,U.S. City Average,U.S. City Average,0.891,pound,"Potatoes, white",APU0000712112,,,,,,,,False
2022-07-01,Potatoes,BLS,U.S. City Average,U.S. City Average,0.945,pound,"Potatoes, white",APU0000712112,,,,,,,,False
2022-08-01,Potatoes,BLS,U.S. City Average,U.S. City Average,0.994,pound,"Potatoes, white",APU0000712112,,,,,,,,False
2022-09-01,Potatoes,BLS,U.S. City Average,U.S. City Average,1.019,pound,"Potatoes, white",APU0000712112,,,,,,,,False
2022-10-01,Potatoes,BLS,U.S. City Average,U.S. City Average,0.991,pound,"Potatoes, white",APU0000712112,,,,,,,,False
2022-11-01,Potatoes,BLS,U.S. City Average,U.S. City Average,0.945,pound,"Potatoes, white",APU0000712112,,,,,,,,False
2022-12-01,Potatoes,BLS,U.S. City Average,U.S. City Average,0.948,pound,"Potatoes, white",APU0000712112,,,,,,,,False
2023-01-01,Potatoes,BLS,U.S. City Average,U.S. City Average,0.953,pound,"Potatoes, white",APU0000712112,,,,,,,,False
2023-02-01,Potatoes,BLS,U.S. City Average,U.S. City Average,0.978,pound,"Potatoes, white",APU0000712112,,,,,,,,False
2023-03-01,Potatoes,BLS,U.S. City Average,U.S. City Average,0.968,pound,"Potatoes, white",APU0000712112,,,,,,,,False
2023-04-01,Potatoes,BLS,U.S. City Average,U.S. City Average,0.98,pound,"Potatoes, white",APU0000712112,,,,,,,,False
2023-05-01,Potatoes,BLS,U.S. City Average,U.S. City Average,1.008,pound,"Potatoes, white",APU0000712112,,,,,,,,False
2023-06-01,Potatoes,BLS,U.S. City Average,U.S. City Average,1.026,pound,"Potatoes, white",APU0000712112,,,,,,,,False
2023-07-01,Potatoes,BLS,U.S. City Average,U.S. City Average,1.051,pound,"Potatoes, white",APU0000712112,,,,,,,,False
2023-08-01,Potatoes,BLS,U.S. City Average,U.S. City Average,1.094,pound,"Potatoes, white",APU0000712112,,,,,,,,False
2023-09-01,Potatoes,BLS,U.S. City Average,U.S. City Average,1.047,pound,"Potatoes, white",APU0000712112,,,,,,,,False
2023-10-01,Potatoes,BLS,U.S. City Average,U.S. City Average,1.006,pound,"Potatoes, white",APU0000712112,,,,,,,,False
2023-11-01,Potatoes,BLS,U.S. City Average,U.S. City Average,0.983,pound,"Potatoes, white",APU0000712112,,,,,,,,False
2023-12-01,Potatoes,BLS,U.S. City Average,U.S. City Average,0.961,pound,"Potatoes, white",APU0000712112,,,,,,,,False
2024-01-01,Potatoes,BLS,U.S. City Average,U.S. City Average,0.978,pound,"Potatoes, white",APU0000712112,,,,,,,,False
2024-02-01,Potatoes,BLS,U.S. City Average,U.S. City Average,0.971,pound,"Potatoes, white",APU0000712112,,,,,,,,False
2024-03-01,Potatoes,BLS,U.S. City Average,U.S. City Average,0.972,pound,"Potatoes, white",APU0000712112,,,,,,,,False
2024-04-01,Potatoes,BLS,U.S. City Average,U.S. City Average,0.971,pound,"Potatoes, white",APU0000712112,,,,,,,,False
2024-05-01,Potatoes,BLS,U.S. City Average,U.S. City Average,0.964,pound,"Potatoes, white",APU0000712112,,,,,,,,False
2024-06-01,Potatoes,BLS,U.S. City Average,U.S. City Average,0.993,pound,"Potatoes, white",APU0000712112,,,,,,,,False
2024-07-01,Potatoes,BLS,U.S. City Average,U.S. City Average,1.017,pound,"Potatoes, white",APU0000712112,,,,,,,,False
2024-08-01,Potatoes,BLS,U.S. City Average,U.S. City Average,1.006,pound,"Potatoes, white",APU0000712112,,,,,,,,False
2024-09-01,Potatoes,BLS,U.S. City Average,U.S. City Average,1.009,pound,"Potatoes, white",APU0000712112,,,,,,,,False
2024-10-01,Potatoes,BLS,U.S. City Average,U.S. City Average,0.998,pound,"Potatoes, white",APU0000712112,,,,,,,,False
2024-11-01,Potatoes,BLS,U.S. City Average,U.S. City Average,0.956,pound,"Potatoes, white",APU0000712112,,,,,,,,False
2024-12-01,Potatoes,BLS,U.S. City Average,U.S. City Average,0.949,pound,"Potatoes, white",APU0000712112,,,,,,,,False
2025-01-01,Potatoes,BLS,U.S. City Average,U.S. City Average,0.973,pound,"Potatoes, white",APU0000712112,,,,,,,,False
2025-02-01,Potatoes,BLS,U.S. City Average,U.S. City Average,0.957,pound,"Potatoes, white",APU0000712112,,,,,,,,False
2025-03-01,Potatoes,BLS,U.S. City Average,U.S. City Average,0.95,pound,"Potatoes, white",APU0000712112,,,,,,,,False
2025-04-01,Potatoes,BLS,U.S. City Average,U.S. City Average,0.967,pound,"Potatoes, white",APU0000712112,,,,,,,,False
2025-05-01,Potatoes,BLS,U.S. City Average,U.S. City Average,0.958,pound,"Potatoes, white",APU0000712112,,,,,,,,False
2025-06-01,Potatoes,BLS,U.S. City Average,U.S. City Average,0.981,pound,"Potatoes, white",APU0000712112,,,,,,,,False
2025-07-01,Potatoes,BLS,U.S. City Average,U.S. City Average,0.978,pound,"Potatoes, white",APU0000712112,,,,,,,,False
2025-08-01,Potatoes,BLS,U.S. City Average,U.S. City Average,1.001,pound,"Potatoes, white",APU0000712112,,,,,,,,False
2025-09-01,Potatoes,BLS,U.S. City Average,U.S. City Average,1.014,pound,"Potatoes, white",APU0000712112,,,,,,,,False
2025-12-01,Potatoes,BLS,U.S. City Average,U.S. City Average,0.847,pound,"Potatoes, white",APU0000712112,,,,,,,,False
2026-01-01,Potatoes,BLS,U.S. City Average,U.S. City Average,0.871,pound,"Potatoes, white",APU0000712112,,,,,,,,False
2026-02-01,Potatoes,BLS,U.S. City Average,U.S. City Average,0.866,pound,"Potatoes, white",APU0000712112,,,,,,,,False
2026-03-01,Potatoes,BLS,U.S. City Average,U.S. City Average,0.847,pound,"Potatoes, white",APU0000712112,,,,,,,,False
2026-04-01,Potatoes,BLS,U.S. City Average,U.S. City Average,0.86,pound,"Potatoes, white",APU0000712112,,,,,,,,False
2026-05-01,Potatoes,BLS,U.S. City Average,U.S. City Average,0.894,pound,"Potatoes, white",APU0000712112,,,,,,,,False
2026-06-01,Potatoes,BLS,U.S. City Average,U.S. City Average,0.923,pound,"Potatoes, white",APU0000712112,,,,,,,,False
2026-07-01,Potatoes,BLS,U.S. City Average,U.S. City Average,0.942,pound,"Potatoes, white",APU0000712112,,,,,,,,False
2026-08-25,Potatoes,Kroger,Kroger On the Rhine,"Cincinnati, OH",0.99,pound,Russet Potato,0000000004072,1 lb,01400513,0.99,,0.99,0.99,,False
2026-08-26,Potatoes,Kroger,Kroger On the Rhine,"Cincinnati, OH",0.99,pound,Russet Potato,0000000004072,1 lb,01400513,0.99,,0.99,0.99,,False
2026-08-27,Potatoes,Kroger,Kroger On the Rhine,"Cincinnati, OH",0.99,pound,Russet Potato,0000000004072,1 lb,01400513,0.99,,0.99,0.99,,False
2026-08-28,Potatoes,Kroger,Kroger On the Rhine,"Cincinnati, OH",0.99,pound,Russet Potato,0000000004072,1 lb,01400513,0.99,,0.99,0.99,,False
2026-08-29,Potatoes,Kroger,Kroger On the Rhine,"Cincinnati, OH",0.99,pound,Russet Potato,0000000004072,1 lb,01400513,0.99,,0.99,0.99,,False
2026-08-30,Potatoes,Kroger,Kroger On the Rhine,"Cincinnati, OH",0.99,pound,Russet Potato,0000000004072,1 lb,01400513,0.99,,0.99,0.99,,False
2026-08-31,Potatoes,Kroger,Kroger On the Rhine,"Cincinnati, OH",0.99,pound,Russet Potato,0000000004072,1 lb,01400513,0.99,,0.99,0.99,,False
2026-09-01,Potatoes,Kroger,Kroger On the Rhine,"Cincinnati, OH",0.99,pound,Russet Potato,0000000004072,1 lb,01400513,0.99,,0.99,0.99,,False
2026-09-02,Potatoes,Kroger,Kroger On the Rhine,"Cincinnati, OH",0.99,pound,Russet Potato,0000000004072,1 lb,01400513,0.99,,0.99,0.99,,False
2026-09-03,Potatoes,Kroger,Kroger On the Rhine,"Cincinnati, OH",0.99,pound,Russet Potato,0000000004072,1 lb,01400513,0.99,,0.99,0.99,,False
2026-09-04,Potatoes,Kroger,Kroger On the Rhine,"Cincinnati, OH",0.99,pound,Russet Potato,0000000004072,1 lb,01400513,0.99,,0.99,0.99,,False
2026-09-05,Potatoes,Kroger,Kroger On the Rhine,"Cincinnati, OH",0.99,pound,Russet Potato,0000000004072,1 lb,01400513,0.99,,0.99,0.99,,False
2026-09-06,Potatoes,Kroger,Kroger On the Rhine,"Cincinnati, OH",0.99,pound,Russet Potato,0000000004072,1 lb,01400513,0.99,,0.99,0.99,,False
2026-09-07,Potatoes,Kroger,Kroger On the Rhine,"Cincinnati, OH",0.99,pound,Russet Potato,0000000004072,1 lb,01400513,0.99,,0.99,0.99,,False
2026-09-08,Potatoes,Kroger,Kroger On the Rhine,"Cincinnati, OH",0.99,pound,Russet Potato,0000000004072,1 lb,01400513,0.99,,0.99,0.99,,False
2026-09-09,Potatoes,Kroger,Kroger On the Rhine,"Cincinnati, OH",0.99,pound,Russet Potato,0000000004072,1 lb,01400513,0.99,,0.99,0.99,,False
2026-09-10,Potatoes,Kroger,Kroger On the Rhine,"Cincinnati, OH",0.99,pound,Russet Potato,0000000004072,1 lb,01400513,0.99,,0.99,0.99,,False
2026-09-11,Potatoes,Kroger,Kroger On the Rhine,"Cincinnati, OH",0.99,pound,Russet Potato,0000000004072,1 lb,01400513,0.99,,0.99,0.99,,False
2026-09-12,Potatoes,Kroger,Kroger On the Rhine,"Cincinnati, OH",0.99,pound,Russet Potato,0000000004072,1 lb,01400513,0.99,,0.99,0.99,,False
2026-09-13,Potatoes,Kroger,Kroger On the Rhine,"Cincinnati, OH",0.99,pound,Russet Potato,0000000004072,1 lb,01400513,0.99,,0.99,0.99,,False
2026-09-14,Potatoes,Kroger,Kroger On the Rhine,"Cincinnati, OH",0.99,pound,Russet Potato,0000000004072,1 lb,01400513,0.99,,0.99,0.99,,False
2017-01-01,Rice,BLS,U.S. City Average,U.S. City Average,0.7,pound,"Rice, white, long grain, uncooked",APU0000701312,,,,,,,,False
2017-02-01,Rice,BLS,U.S. City Average,U.S. City Average,0.695,pound,"Rice, white, long grain, uncooked",APU0000701312,,,,,,,,False
2017-03-01,Rice,BLS,U.S. City Average,U.S. City Average,0.692,pound,"Rice, white, long grain, uncooked",APU0000701312,,,,,,,,False
2017-04-01,Rice,BLS,U.S. City Average,U.S. City Average,0.686,pound,"Rice, white, long grain, uncooked",APU0000701312,,,,,,,,False
2017-05-01,Rice,BLS,U.S. City Average,U.S. City Average,0.726,pound,"Rice, white, long grain, uncooked",APU0000701312,,,,,,,,False
2017-06-01,Rice,BLS,U.S. City Average,U.S. City Average,0.752,pound,"Rice, white, long grain, uncooked",APU0000701312,,,,,,,,False
2017-07-01,Rice,BLS,U.S. City Average,U.S. City Average,0.764,pound,"Rice, white, long grain, uncooked",APU0000701312,,,,,,,,False
2017-08-01,Rice,BLS,U.S. City Average,U.S. City Average,0.753,pound,"Rice, white, long grain, uncooked",APU0000701312,,,,,,,,False
2017-09-01,Rice,BLS,U.S. City Average,U.S. City Average,0.741,pound,"Rice, white, long grain, uncooked",APU0000701312,,,,,,,,False
2017-10-01,Rice,BLS,U.S. City Average,U.S. City Average,0.723,pound,"Rice, white, long grain, uncooked",APU0000701312,,,,,,,,False
2017-11-01,Rice,BLS,U.S. City Average,U.S. City Average,0.712,pound,"Rice, white, long grain, uncooked",APU0000701312,,,,,,,,False
2017-12-01,Rice,BLS,U.S. City Average,U.S. City Average,0.711,pound,"Rice, white, long grain, uncooked",APU0000701312,,,,,,,,False
2018-01-01,Rice,BLS,U.S. City Average,U.S. City Average,0.682,pound,"Rice, white, long grain, uncooked",APU0000701312,,,,,,,,False
2018-02-01,Rice,BLS,U.S. City Average,U.S. City Average,0.691,pound,"Rice, white, long grain, uncooked",APU0000701312,,,,,,,,False
2018-03-01,Rice,BLS,U.S. City Average,U.S. City Average,0.682,pound,"Rice, white, long grain, uncooked",APU0000701312,,,,,,,,False
2018-04-01,Rice,BLS,U.S. City Average,U.S. City Average,0.685,pound,"Rice, white, long grain, uncooked",APU0000701312,,,,,,,,False
2018-05-01,Rice,BLS,U.S. City Average,U.S. City Average,0.698,pound,"Rice, white, long grain, uncooked",APU0000701312,,,,,,,,False
2018-06-01,Rice,BLS,U.S. City Average,U.S. City Average,0.689,pound,"Rice, white, long grain, uncooked",APU0000701312,,,,,,,,False
2018-07-01,Rice,BLS,U.S. City Average,U.S. City Average,0.69,pound,"Rice, white, long grain, uncooked",APU0000701312,,,,,,,,False
2018-08-01,Rice,BLS,U.S. City Average,U.S. City Average,0.705,pound,"Rice, white, long grain, uncooked",APU0000701312,,,,,,,,False
2018-09-01,Rice,BLS,U.S. City Average,U.S. City Average,0.693,pound,"Rice, white, long grain, uncooked",APU0000701312,,,,,,,,False
2018-10-01,Rice,BLS,U.S. City Average,U.S. City Average,0.685,pound,"Rice, white, long grain, uncooked",APU0000701312,,,,,,,,False
2018-11-01,Rice,BLS,U.S. City Average,U.S. City Average,0.711,pound,"Rice, white, long grain, uncooked",APU0000701312,,,,,,,,False
2018-12-01,Rice,BLS,U.S. City Average,U.S. City Average,0.712,pound,"Rice, white, long grain, uncooked",APU0000701312,,,,,,,,False
2019-01-01,Rice,BLS,U.S. City Average,U.S. City Average,0.73,pound,"Rice, white, long grain, uncooked",APU0000701312,,,,,,,,False
2019-02-01,Rice,BLS,U.S. City Average,U.S. City Average,0.762,pound,"Rice, white, long grain, uncooked",APU0000701312,,,,,,,,False
2019-03-01,Rice,BLS,U.S. City Average,U.S. City Average,0.757,pound,"Rice, white, long grain, uncooked",APU0000701312,,,,,,,,False
2019-04-01,Rice,BLS,U.S. City Average,U.S. City Average,0.767,pound,"Rice, white, long grain, uncooked",APU0000701312,,,,,,,,False
2019-05-01,Rice,BLS,U.S. City Average,U.S. City Average,0.761,pound,"Rice, white, long grain, uncooked",APU0000701312,,,,,,,,False
2019-06-01,Rice,BLS,U.S. City Average,U.S. City Average,0.801,pound,"Rice, white, long grain, uncooked",APU0000701312,,,,,,,,False
2019-07-01,Rice,BLS,U.S. City Average,U.S. City Average,0.798,pound,"Rice, white, long grain, uncooked",APU0000701312,,,,,,,,False
2019-08-01,Rice,BLS,U.S. City Average,U.S. City Average,0.793,pound,"Rice, white, long grain, uncooked",APU0000701312,,,,,,,,False
2019-09-01,Rice,BLS,U.S. City Average,U.S. City Average,0.797,pound,"Rice, white, long grain, uncooked",APU0000701312,,,,,,,,False
2019-10-01,Rice,BLS,U.S. City Average,U.S. City Average,0.773,pound,"Rice, white, long grain, uncooked",APU0000701312,,,,,,,,False
2019-11-01,Rice,BLS,U.S. City Average,U.S. City Average,0.721,pound,"Rice, white, long grain, uncooked",APU0000701312,,,,,,,,False
2019-12-01,Rice,BLS,U.S. City Average,U.S. City Average,0.714,pound,"Rice, white, long grain, uncooked",APU0000701312,,,,,,,,False
2020-01-01,Rice,BLS,U.S. City Average,U.S. City Average,0.716,pound,"Rice, white, long grain, uncooked",APU0000701312,,,,,,,,False
2020-02-01,Rice,BLS,U.S. City Average,U.S. City Average,0.734,pound,"Rice, white, long grain, uncooked",APU0000701312,,,,,,,,False
2020-03-01,Rice,BLS,U.S. City Average,U.S. City Average,0.733,pound,"Rice, white, long grain, uncooked",APU0000701312,,,,,,,,False
2020-05-01,Rice,BLS,U.S. City Average,U.S. City Average,0.748,pound,"Rice, white, long grain, uncooked",APU0000701312,,,,,,,,False
2020-06-01,Rice,BLS,U.S. City Average,U.S. City Average,0.749,pound,"Rice, white, long grain, uncooked",APU0000701312,,,,,,,,False
2020-07-01,Rice,BLS,U.S. City Average,U.S. City Average,0.772,pound,"Rice, white, long grain, uncooked",APU0000701312,,,,,,,,False
2020-08-01,Rice,BLS,U.S. City Average,U.S. City Average,0.769,pound,"Rice, white, long grain, uncooked",APU0000701312,,,,,,,,False
2020-09-01,Rice,BLS,U.S. City Average,U.S. City Average,0.777,pound,"Rice, white, long grain, uncooked",APU0000701312,,,,,,,,False
2020-10-01,Rice,BLS,U.S. City Average,U.S. City Average,0.766,pound,"Rice, white, long grain, uncooked",APU0000701312,,,,,,,,False
2020-11-01,Rice,BLS,U.S. City Average,U.S. City Average,0.791,pound,"Rice, white, long grain, uncooked",APU0000701312,,,,,,,,False
2020-12-01,Rice,BLS,U.S. City Average,U.S. City Average,0.789,pound,"Rice, white, long grain, uncooked",APU0000701312,,,,,,,,False
2021-01-01,Rice,BLS,U.S. City Average,U.S. City Average,0.794,pound,"Rice, white, long grain, uncooked",APU0000701312,,,,,,,,False
2021-02-01,Rice,BLS,U.S. City Average,U.S. City Average,0.779,pound,"Rice, white, long grain, uncooked",APU0000701312,,,,,,,,False
2021-03-01,Rice,BLS,U.S. City Average,U.S. City Average,0.772,pound,"Rice, white, long grain, uncooked",APU0000701312,,,,,,,,False
2021-04-01,Rice,BLS,U.S. City Average,U.S. City Average,0.785,pound,"Rice, white, long grain, uncooked",APU0000701312,,,,,,,,False
2021-05-01,Rice,BLS,U.S. City Average,U.S. City Average,0.801,pound,"Rice, white, long grain, uncooked",APU0000701312,,,,,,,,False
2021-06-01,Rice,BLS,U.S. City Average,U.S. City Average,0.778,pound,"Rice, white, long grain, uncooked",APU0000701312,,,,,,,,False
2021-07-01,Rice,BLS,U.S. City Average,U.S. City Average,0.782,pound,"Rice, white, long grain, uncooked",APU0000701312,,,,,,,,False
2021-08-01,Rice,BLS,U.S. City Average,U.S. City Average,0.784,pound,"Rice, white, long grain, uncooked",APU0000701312,,,,,,,,False
2021-09-01,Rice,BLS,U.S. City Average,U.S. City Average,0.798,pound,"Rice, white, long grain, uncooked",APU0000701312,,,,,,,,False
2021-10-01,Rice,BLS,U.S. City Average,U.S. City Average,0.788,pound,"Rice, white, long grain, uncooked",APU0000701312,,,,,,,,False
2021-11-01,Rice,BLS,U.S. City Average,U.S. City Average,0.844,pound,"Rice, white, long grain, uncooked",APU0000701312,,,,,,,,False
2021-12-01,Rice,BLS,U.S. City Average,U.S. City Average,0.82,pound,"Rice, white, long grain, uncooked",APU0000701312,,,,,,,,False
2022-01-01,Rice,BLS,U.S. City Average,U.S. City Average,0.832,pound,"Rice, white, long grain, uncooked",APU0000701312,,,,,,,,False
2022-02-01,Rice,BLS,U.S. City Average,U.S. City Average,0.83,pound,"Rice, white, long grain, uncooked",APU0000701312,,,,,,,,False
2022-03-01,Rice,BLS,U.S. City Average,U.S. City Average,0.871,pound,"Rice, white, long grain, uncooked",APU0000701312,,,,,,,,False
2022-04-01,Rice,BLS,U.S. City Average,U.S. City Average,0.9,pound,"Rice, white, long grain, uncooked",APU0000701312,,,,,,,,False
2022-05-01,Rice,BLS,U.S. City Average,U.S. City Average,0.909,pound,"Rice, white, long grain, uncooked",APU0000701312,,,,,,,,False
2022-06-01,Rice,BLS,U.S. City Average,U.S. City Average,0.924,pound,"Rice, white, long grain, uncooked",APU0000701312,,,,,,,,False
2022-07-01,Rice,BLS,U.S. City Average,U.S. City Average,0.929,pound,"Rice, white, long grain, uncooked",APU0000701312,,,,,,,,False
2022-08-01,Rice,BLS,U.S. City Average,U.S. City Average,0.925,pound,"Rice, white, long grain, uncooked",APU0000701312,,,,,,,,False
2022-09-01,Rice,BLS,U.S. City Average,U.S. City Average,0.939,pound,"Rice, white, long grain, uncooked",APU0000701312,,,,,,,,False
2022-10-01,Rice,BLS,U.S. City Average,U.S. City Average,0.963,pound,"Rice, white, long grain, uncooked",APU0000701312,,,,,,,,False
2022-11-01,Rice,BLS,U.S. City Average,U.S. City Average,0.963,pound,"Rice, white, long grain, uncooked",APU0000701312,,,,,,,,False
2022-12-01,Rice,BLS,U.S. City Average,U.S. City Average,0.971,pound,"Rice, white, long grain, uncooked",APU0000701312,,,,,,,,False
2023-01-01,Rice,BLS,U.S. City Average,U.S. City Average,0.97,pound,"Rice, white, long grain, uncooked",APU0000701312,,,,,,,,False
2023-02-01,Rice,BLS,U.S. City Average,U.S. City Average,0.959,pound,"Rice, white, long grain, uncooked",APU0000701312,,,,,,,,False
2023-03-01,Rice,BLS,U.S. City Average,U.S. City Average,0.982,pound,"Rice, white, long grain, uncooked",APU0000701312,,,,,,,,False
2023-04-01,Rice,BLS,U.S. City Average,U.S. City Average,0.98,pound,"Rice, white, long grain, uncooked",APU0000701312,,,,,,,,False
2023-05-01,Rice,BLS,U.S. City Average,U.S. City Average,0.997,pound,"Rice, white, long grain, uncooked",APU0000701312,,,,,,,,False
2023-06-01,Rice,BLS,U.S. City Average,U.S. City Average,1.003,pound,"Rice, white, long grain, uncooked",APU0000701312,,,,,,,,False
2023-07-01,Rice,BLS,U.S. City Average,U.S. City Average,1.006,pound,"Rice, white, long grain, uncooked",APU0000701312,,,,,,,,False
2023-08-01,Rice,BLS,U.S. City Average,U.S. City Average,0.997,pound,"Rice, white, long grain, uncooked",APU0000701312,,,,,,,,False
2023-09-01,Rice,BLS,U.S. City Average,U.S. City Average,0.981,pound,"Rice, white, long grain, uncooked",APU0000701312,,,,,,,,False
2023-10-01,Rice,BLS,U.S. City Average,U.S. City Average,0.96,pound,"Rice, white, long grain, uncooked",APU0000701312,,,,,,,,False
2023-11-01,Rice,BLS,U.S. City Average,U.S. City Average,0.992,pound,"Rice, white, long grain, uncooked",APU0000701312,,,,,,,,False
2023-12-01,Rice,BLS,U.S. City Average,U.S. City Average,0.99,pound,"Rice, white, long grain, uncooked",APU0000701312,,,,,,,,False
2024-01-01,Rice,BLS,U.S. City Average,U.S. City Average,1.0,pound,"Rice, white, long grain, uncooked",APU0000701312,,,,,,,,False
2024-02-01,Rice,BLS,U.S. City Average,U.S. City Average,1.001,pound,"Rice, white, long grain, uncooked",APU0000701312,,,,,,,,False
2024-03-01,Rice,BLS,U.S. City Average,U.S. City Average,1.014,pound,"Rice, white, long grain, uncooked",APU0000701312,,,,,,,,False
2024-04-01,Rice,BLS,U.S. City Average,U.S. City Average,1.025,pound,"Rice, white, long grain, uncooked",APU0000701312,,,,,,,,False
2024-05-01,Rice,BLS,U.S. City Average,U.S. City Average,1.002,pound,"Rice, white, long grain, uncooked",APU0000701312,,,,,,,,False
2024-06-01,Rice,BLS,U.S. City Average,U.S. City Average,1.018,pound,"Rice, white, long grain, uncooked",APU0000701312,,,,,,,,False
2024-07-01,Rice,BLS,U.S. City Average,U.S. City Average,1.039,pound,"Rice, white, long grain, uncooked",APU0000701312,,,,,,,,False
2024-08-01,Rice,BLS,U.S. City Average,U.S. City Average,1.085,pound,"Rice, white, long grain, uncooked",APU0000701312,,,,,,,,False
2024-09-01,Rice,BLS,U.S. City Average,U.S. City Average,1.078,pound,"Rice, white, long grain, uncooked",APU0000701312,,,,,,,,False
2024-10-01,Rice,BLS,U.S. City Average,U.S. City Average,1.056,pound,"Rice, white, long grain, uncooked",APU0000701312,,,,,,,,False
2024-11-01,Rice,BLS,U.S. City Average,U.S. City Average,1.061,pound,"Rice, white, long grain, uncooked",APU0000701312,,,,,,,,False
2024-12-01,Rice,BLS,U.S. City Average,U.S. City Average,1.032,pound,"Rice, white, long grain, uncooked",APU0000701312,,,,,,,,False
2025-01-01,Rice,BLS,U.S. City Average,U.S. City Average,1.008,pound,"Rice, white, long grain, uncooked",APU0000701312,,,,,,,,False
2025-02-01,Rice,BLS,U.S. City Average,U.S. City Average,1.03,pound,"Rice, white, long grain, uncooked",APU0000701312,,,,,,,,False
2025-03-01,Rice,BLS,U.S. City Average,U.S. City Average,1.038,pound,"Rice, white, long grain, uncooked",APU0000701312,,,,,,,,False
2025-04-01,Rice,BLS,U.S. City Average,U.S. City Average,1.031,pound,"Rice, white, long grain, uncooked",APU0000701312,,,,,,,,False
2025-05-01,Rice,BLS,U.S. City Average,U.S. City Average,1.067,pound,"Rice, white, long grain, uncooked",APU0000701312,,,,,,,,False
2025-06-01,Rice,BLS,U.S. City Average,U.S. City Average,1.061,pound,"Rice, white, long grain, uncooked",APU0000701312,,,,,,,,False
2025-07-01,Rice,BLS,U.S. City Average,U.S. City Average,1.068,pound,"Rice, white, long grain, uncooked",APU0000701312,,,,,,,,False
2025-08-01,Rice,BLS,U.S. City Average,U.S. City Average,1.059,pound,"Rice, white, long grain, uncooked",APU0000701312,,,,,,,,False
2025-09-01,Rice,BLS,U.S. City Average,U.S. City Average,1.06,pound,"Rice, white, long grain, uncooked",APU0000701312,,,,,,,,False
2025-11-01,Rice,BLS,U.S. City Average,U.S. City Average,1.065,pound,"Rice, white, long grain, uncooked",APU0000701312,,,,,,,,False
2025-12-01,Rice,BLS,U.S. City Average,U.S. City Average,1.076,pound,"Rice, white, long grain, uncooked",APU0000701312,,,,,,,,False
2026-01-01,Rice,BLS,U.S. City Average,U.S. City Average,1.059,pound,"Rice, white, long grain, uncooked",APU0000701312,,,,,,,,False
2026-02-01,Rice,BLS,U.S. City Average,U.S. City Average,1.074,pound,"Rice, white, long grain, uncooked",APU0000701312,,,,,,,,False
2026-03-01,Rice,BLS,U.S. City Average,U.S. City Average,1.06,pound,"Rice, white, long grain, uncooked",APU0000701312,,,,,,,,False
2026-04-01,Rice,BLS,U.S. City Average,U.S. City Average,1.076,pound,"Rice, white, long grain, uncooked",APU0000701312,,,,,,,,False
2026-05-01,Rice,BLS,U.S. City Average,U.S. City Average,1.071,pound,"Rice, white, long grain, uncooked",APU0000701312,,,,,,,,False
2026-06-01,Rice,BLS,U.S. City Average,U.S. City Average,1.089,pound,"Rice, white, long grain, uncooked",APU0000701312,,,,,,,,False
2026-07-01,Rice,BLS,U.S. City Average,U.S. City Average,1.1,pound,"Rice, white, long grain, uncooked",APU0000701312,,,,,,,,False
2026-08-25,Rice,Kroger,Kroger On the Rhine,"Cincinnati, OH",0.895,pound,Kroger Enriched Long Grain White Rice,0001111089875,32 oz,01400513,1.79,,1.79,0.895,,False
2026-08-26,Rice,Kroger,Kroger On the Rhine,"Cincinnati, OH",0.895,pound,Kroger Enriched Long Grain White Rice,0001111089875,32 oz,01400513,1.79,,1.79,0.895,,False
2026-08-27,Rice,Kroger,Kroger On the Rhine,"Cincinnati, OH",0.895,pound,Kroger Enriched Long Grain White Rice,0001111089875,32 oz,01400513,1.79,,1.79,0.895,,False
2026-08-28,Rice,Kroger,Kroger On the Rhine,"Cincinnati, OH",0.895,pound,Kroger Enriched Long Grain White Rice,0001111089875,32 oz,01400513,1.79,,1.79,0.895,,False
2026-08-29,Rice,Kroger,Kroger On the Rhine,"Cincinnati, OH",0.895,pound,Kroger Enriched Long Grain White Rice,0001111089875,32 oz,01400513,1.79,,1.79,0.895,,False
2026-08-30,Rice,Kroger,Kroger On the Rhine,"Cincinnati, OH",0.895,pound,Kroger Enriched Long Grain White Rice,0001111089875,32 oz,01400513,1.79,,1.79,0.895,,False
2026-08-31,Rice,Kroger,Kroger On the Rhine,"Cincinnati, OH",0.895,pound,Kroger Enriched Long Grain White Rice,0001111089875,32 oz,01400513,1.79,,1.79,0.895,,False
2026-09-01,Rice,Kroger,Kroger On the Rhine,"Cincinnati, OH",0.895,pound,Kroger Enriched Long Grain White Rice,0001111089875,32 oz,01400513,1.79,,1.79,0.895,,False
2026-09-02,Rice,Kroger,Kroger On the Rhine,"Cincinnati, OH",0.895,pound,Kroger Enriched Long Grain White Rice,0001111089875,32 oz,01400513,1.79,,1.79,0.895,,False
2026-09-03,Rice,Kroger,Kroger On the Rhine,"Cincinnati, OH",0.895,pound,Kroger Enriched Long Grain White Rice,0001111089875,32 oz,01400513,1.79,,1.79,0.895,,False
2026-09-04,Rice,Kroger,Kroger On the Rhine,"Cincinnati, OH",0.895,pound,Kroger Enriched Long Grain White Rice,0001111089875,32 oz,01400513,1.79,,1.79,0.895,,False
2026-09-05,Rice,Kroger,Kroger On the Rhine,"Cincinnati, OH",0.895,pound,Kroger Enriched Long Grain White Rice,0001111089875,32 oz,01400513,1.79,,1.79,0.895,,False
2026-09-06,Rice,Kroger,Kroger On the Rhine,"Cincinnati, OH",0.895,pound,Kroger Enriched Long Grain White Rice,0001111089875,32 oz,01400513,1.79,,1.79,0.895,,False
2026-09-07,Rice,Kroger,Kroger On the Rhine,"Cincinnati, OH",0.895,pound,Kroger Enriched Long Grain White Rice,0001111089875,32 oz,01400513,1.79,,1.79,0.895,,False
2026-09-08,Rice,Kroger,Kroger On the Rhine,"Cincinnati, OH",0.895,pound,Kroger Enriched Long Grain White Rice,0001111089875,32 oz,01400513,1.79,,1.79,0.895,,False
2026-09-09,Rice,Kroger,Kroger On the Rhine,"Cincinnati, OH",0.895,pound,Kroger Enriched Long Grain White Rice,0001111089875,32 oz,01400513,1.79,,1.79,0.895,,False
2026-09-10,Rice,Kroger,Kroger On the Rhine,"Cincinnati, OH",0.895,pound,Kroger Enriched Long Grain White Rice,0001111089875,32 oz,01400513,1.79,,1.79,0.895,,False
2026-09-11,Rice,Kroger,Kroger On the Rhine,"Cincinnati, OH",0.895,pound,Kroger Enriched Long Grain White Rice,0001111089875,32 oz,01400513,1.79,,1.79,0.895,,False
2026-09-12,Rice,Kroger,Kroger On the Rhine,"Cincinnati, OH",0.895,pound,Kroger Enriched Long Grain White Rice,0001111089875,32 oz,01400513,1.79,,1.79,0.895,,False
2026-09-13,Rice,Kroger,Kroger On the Rhine,"Cincinnati, OH",0.895,pound,Kroger Enriched Long Grain White Rice,0001111089875,32 oz,01400513,1.79,,1.79,0.895,,False
2026-09-14,Rice,Kroger,Kroger On the Rhine,"Cincinnati, OH",0.895,pound,Kroger Enriched Long Grain White Rice,0001111089875,32 oz,01400513,1.79,,1.79,0.895,,False
2017-01-01,Sugar,BLS,U.S. City Average,U.S. City Average,0.632,pound,"Sugar, white, all sizes",APU0000715211,,,,,,,,False
2017-02-01,Sugar,BLS,U.S. City Average,U.S. City Average,0.637,pound,"Sugar, white, all sizes",APU0000715211,,,,,,,,False
2017-03-01,Sugar,BLS,U.S. City Average,U.S. City Average,0.631,pound,"Sugar, white, all sizes",APU0000715211,,,,,,,,False
2017-04-01,Sugar,BLS,U.S. City Average,U.S. City Average,0.628,pound,"Sugar, white, all sizes",APU0000715211,,,,,,,,False
2017-05-01,Sugar,BLS,U.S. City Average,U.S. City Average,0.647,pound,"Sugar, white, all sizes",APU0000715211,,,,,,,,False
2017-06-01,Sugar,BLS,U.S. City Average,U.S. City Average,0.659,pound,"Sugar, white, all sizes",APU0000715211,,,,,,,,False
2017-07-01,Sugar,BLS,U.S. City Average,U.S. City Average,0.659,pound,"Sugar, white, all sizes",APU0000715211,,,,,,,,False
2017-08-01,Sugar,BLS,U.S. City Average,U.S. City Average,0.658,pound,"Sugar, white, all sizes",APU0000715211,,,,,,,,False
2017-09-01,Sugar,BLS,U.S. City Average,U.S. City Average,0.67,pound,"Sugar, white, all sizes",APU0000715211,,,,,,,,False
2017-10-01,Sugar,BLS,U.S. City Average,U.S. City Average,0.664,pound,"Sugar, white, all sizes",APU0000715211,,,,,,,,False
2017-11-01,Sugar,BLS,U.S. City Average,U.S. City Average,0.64,pound,"Sugar, white, all sizes",APU0000715211,,,,,,,,False
2017-12-01,Sugar,BLS,U.S. City Average,U.S. City Average,0.646,pound,"Sugar, white, all sizes",APU0000715211,,,,,,,,False
2018-01-01,Sugar,BLS,U.S. City Average,U.S. City Average,0.623,pound,"Sugar, white, all sizes",APU0000715211,,,,,,,,False
2018-02-01,Sugar,BLS,U.S. City Average,U.S. City Average,0.622,pound,"Sugar, white, all sizes",APU0000715211,,,,,,,,False
2018-03-01,Sugar,BLS,U.S. City Average,U.S. City Average,0.612,pound,"Sugar, white, all sizes",APU0000715211,,,,,,,,False
2018-04-01,Sugar,BLS,U.S. City Average,U.S. City Average,0.617,pound,"Sugar, white, all sizes",APU0000715211,,,,,,,,False
2018-05-01,Sugar,BLS,U.S. City Average,U.S. City Average,0.628,pound,"Sugar, white, all sizes",APU0000715211,,,,,,,,False
2018-06-01,Sugar,BLS,U.S. City Average,U.S. City Average,0.629,pound,"Sugar, white, all sizes",APU0000715211,,,,,,,,False
2018-07-01,Sugar,BLS,U.S. City Average,U.S. City Average,0.63,pound,"Sugar, white, all sizes",APU0000715211,,,,,,,,False
2018-08-01,Sugar,BLS,U.S. City Average,U.S. City Average,0.628,pound,"Sugar, white, all sizes",APU0000715211,,,,,,,,False
2018-09-01,Sugar,BLS,U.S. City Average,U.S. City Average,0.629,pound,"Sugar, white, all sizes",APU0000715211,,,,,,,,False
2018-10-01,Sugar,BLS,U.S. City Average,U.S. City Average,0.602,pound,"Sugar, white, all sizes",APU0000715211,,,,,,,,False
2018-11-01,Sugar,BLS,U.S. City Average,U.S. City Average,0.602,pound,"Sugar, white, all sizes",APU0000715211,,,,,,,,False
2018-12-01,Sugar,BLS,U.S. City Average,U.S. City Average,0.573,pound,"Sugar, white, all sizes",APU0000715211,,,,,,,,False
2019-01-01,Sugar,BLS,U.S. City Average,U.S. City Average,0.595,pound,"Sugar, white, all sizes",APU0000715211,,,,,,,,False
2019-02-01,Sugar,BLS,U.S. City Average,U.S. City Average,0.592,pound,"Sugar, white, all sizes",APU0000715211,,,,,,,,False
2019-03-01,Sugar,BLS,U.S. City Average,U.S. City Average,0.596,pound,"Sugar, white, all sizes",APU0000715211,,,,,,,,False
2019-04-01,Sugar,BLS,U.S. City Average,U.S. City Average,0.591,pound,"Sugar, white, all sizes",APU0000715211,,,,,,,,False
2019-05-01,Sugar,BLS,U.S. City Average,U.S. City Average,0.58,pound,"Sugar, white, all sizes",APU0000715211,,,,,,,,False
2019-06-01,Sugar,BLS,U.S. City Average,U.S. City Average,0.586,pound,"Sugar, white, all sizes",APU0000715211,,,,,,,,False
2019-07-01,Sugar,BLS,U.S. City Average,U.S. City Average,0.589,pound,"Sugar, white, all sizes",APU0000715211,,,,,,,,False
2019-08-01,Sugar,BLS,U.S. City Average,U.S. City Average,0.589,pound,"Sugar, white, all sizes",APU0000715211,,,,,,,,False
2019-09-01,Sugar,BLS,U.S. City Average,U.S. City Average,0.596,pound,"Sugar, white, all sizes",APU0000715211,,,,,,,,False
2019-10-01,Sugar,BLS,U.S. City Average,U.S. City Average,0.589,pound,"Sugar, white, all sizes",APU0000715211,,,,,,,,False
2019-11-01,Sugar,BLS,U.S. City Average,U.S. City Average,0.589,pound,"Sugar, white, all sizes",APU0000715211,,,,,,,,False
2019-12-01,Sugar,BLS,U.S. City Average,U.S. City Average,0.589,pound,"Sugar, white, all sizes",APU0000715211,,,,,,,,False
2020-01-01,Sugar,BLS,U.S. City Average,U.S. City Average,0.603,pound,"Sugar, white, all sizes",APU0000715211,,,,,,,,False
2020-02-01,Sugar,BLS,U.S. City Average,U.S. City Average,0.612,pound,"Sugar, white, all sizes",APU0000715211,,,,,,,,False
2020-03-01,Sugar,BLS,U.S. City Average,U.S. City Average,0.621,pound,"Sugar, white, all sizes",APU0000715211,,,,,,,,False
2020-04-01,Sugar,BLS,U.S. City Average,U.S. City Average,0.64,pound,"Sugar, white, all sizes",APU0000715211,,,,,,,,False
2020-05-01,Sugar,BLS,U.S. City Average,U.S. City Average,0.647,pound,"Sugar, white, all sizes",APU0000715211,,,,,,,,False
2020-06-01,Sugar,BLS,U.S. City Average,U.S. City Average,0.626,pound,"Sugar, white, all sizes",APU0000715211,,,,,,,,False
2020-07-01,Sugar,BLS,U.S. City Average,U.S. City Average,0.627,pound,"Sugar, white, all sizes",APU0000715211,,,,,,,,False
2020-08-01,Sugar,BLS,U.S. City Average,U.S. City Average,0.629,pound,"Sugar, white, all sizes",APU0000715211,,,,,,,,False
2020-09-01,Sugar,BLS,U.S. City Average,U.S. City Average,0.63,pound,"Sugar, white, all sizes",APU0000715211,,,,,,,,False
2020-10-01,Sugar,BLS,U.S. City Average,U.S. City Average,0.634,pound,"Sugar, white, all sizes",APU0000715211,,,,,,,,False
2020-11-01,Sugar,BLS,U.S. City Average,U.S. City Average,0.66,pound,"Sugar, white, all sizes",APU0000715211,,,,,,,,False
2020-12-01,Sugar,BLS,U.S. City Average,U.S. City Average,0.674,pound,"Sugar, white, all sizes",APU0000715211,,,,,,,,False
2021-01-01,Sugar,BLS,U.S. City Average,U.S. City Average,0.682,pound,"Sugar, white, all sizes",APU0000715211,,,,,,,,False
2021-02-01,Sugar,BLS,U.S. City Average,U.S. City Average,0.68,pound,"Sugar, white, all sizes",APU0000715211,,,,,,,,False
2021-03-01,Sugar,BLS,U.S. City Average,U.S. City Average,0.675,pound,"Sugar, white, all sizes",APU0000715211,,,,,,,,False
2021-04-01,Sugar,BLS,U.S. City Average,U.S. City Average,0.675,pound,"Sugar, white, all sizes",APU0000715211,,,,,,,,False
2021-05-01,Sugar,BLS,U.S. City Average,U.S. City Average,0.675,pound,"Sugar, white, all sizes",APU0000715211,,,,,,,,False
2021-06-01,Sugar,BLS,U.S. City Average,U.S. City Average,0.675,pound,"Sugar, white, all sizes",APU0000715211,,,,,,,,False
2021-07-01,Sugar,BLS,U.S. City Average,U.S. City Average,0.686,pound,"Sugar, white, all sizes",APU0000715211,,,,,,,,False
2021-08-01,Sugar,BLS,U.S. City Average,U.S. City Average,0.681,pound,"Sugar, white, all sizes",APU0000715211,,,,,,,,False
2021-09-01,Sugar,BLS,U.S. City Average,U.S. City Average,0.688,pound,"Sugar, white, all sizes",APU0000715211,,,,,,,,False
2021-10-01,Sugar,BLS,U.S. City Average,U.S. City Average,0.713,pound,"Sugar, white, all sizes",APU0000715211,,,,,,,,False
2021-11-01,Sugar,BLS,U.S. City Average,U.S. City Average,0.687,pound,"Sugar, white, all sizes",APU0000715211,,,,,,,,False
2021-12-01,Sugar,BLS,U.S. City Average,U.S. City Average,0.691,pound,"Sugar, white, all sizes",APU0000715211,,,,,,,,False
2022-01-01,Sugar,BLS,U.S. City Average,U.S. City Average,0.706,pound,"Sugar, white, all sizes",APU0000715211,,,,,,,,False
2022-02-01,Sugar,BLS,U.S. City Average,U.S. City Average,0.718,pound,"Sugar, white, all sizes",APU0000715211,,,,,,,,False
2022-03-01,Sugar,BLS,U.S. City Average,U.S. City Average,0.739,pound,"Sugar, white, all sizes",APU0000715211,,,,,,,,False
2022-04-01,Sugar,BLS,U.S. City Average,U.S. City Average,0.74,pound,"Sugar, white, all sizes",APU0000715211,,,,,,,,False
2022-05-01,Sugar,BLS,U.S. City Average,U.S. City Average,0.745,pound,"Sugar, white, all sizes",APU0000715211,,,,,,,,False
2022-06-01,Sugar,BLS,U.S. City Average,U.S. City Average,0.765,pound,"Sugar, white, all sizes",APU0000715211,,,,,,,,False
2022-07-01,Sugar,BLS,U.S. City Average,U.S. City Average,0.791,pound,"Sugar, white, all sizes",APU0000715211,,,,,,,,False
2022-08-01,Sugar,BLS,U.S. City Average,U.S. City Average,0.821,pound,"Sugar, white, all sizes",APU0000715211,,,,,,,,False
2022-09-01,Sugar,BLS,U.S. City Average,U.S. City Average,0.837,pound,"Sugar, white, all sizes",APU0000715211,,,,,,,,False
2022-10-01,Sugar,BLS,U.S. City Average,U.S. City Average,0.846,pound,"Sugar, white, all sizes",APU0000715211,,,,,,,,False
2022-11-01,Sugar,BLS,U.S. City Average,U.S. City Average,0.846,pound,"Sugar, white, all sizes",APU0000715211,,,,,,,,False
2022-12-01,Sugar,BLS,U.S. City Average,U.S. City Average,0.844,pound,"Sugar, white, all sizes",APU0000715211,,,,,,,,False
2023-01-01,Sugar,BLS,U.S. City Average,U.S. City Average,0.86,pound,"Sugar, white, all sizes",APU0000715211,,,,,,,,False
2023-02-01,Sugar,BLS,U.S. City Average,U.S. City Average,0.876,pound,"Sugar, white, all sizes",APU0000715211,,,,,,,,False
2023-03-01,Sugar,BLS,U.S. City Average,U.S. City Average,0.88,pound,"Sugar, white, all sizes",APU0000715211,,,,,,,,False
2023-04-01,Sugar,BLS,U.S. City Average,U.S. City Average,0.893,pound,"Sugar, white, all sizes",APU0000715211,,,,,,,,False
2023-05-01,Sugar,BLS,U.S. City Average,U.S. City Average,0.899,pound,"Sugar, white, all sizes",APU0000715211,,,,,,,,False
2023-06-01,Sugar,BLS,U.S. City Average,U.S. City Average,0.918,pound,"Sugar, white, all sizes",APU0000715211,,,,,,,,False
2023-07-01,Sugar,BLS,U.S. City Average,U.S. City Average,0.932,pound,"Sugar, white, all sizes",APU0000715211,,,,,,,,False
2023-08-01,Sugar,BLS,U.S. City Average,U.S. City Average,0.95,pound,"Sugar, white, all sizes",APU0000715211,,,,,,,,False
2023-09-01,Sugar,BLS,U.S. City Average,U.S. City Average,0.971,pound,"Sugar, white, all sizes",APU0000715211,,,,,,,,False
2023-10-01,Sugar,BLS,U.S. City Average,U.S. City Average,0.963,pound,"Sugar, white, all sizes",APU0000715211,,,,,,,,False
2023-11-01,Sugar,BLS,U.S. City Average,U.S. City Average,0.958,pound,"Sugar, white, all sizes",APU0000715211,,,,,,,,False
2023-12-01,Sugar,BLS,U.S. City Average,U.S. City Average,0.956,pound,"Sugar, white, all sizes",APU0000715211,,,,,,,,False
2024-01-01,Sugar,BLS,U.S. City Average,U.S. City Average,0.975,pound,"Sugar, white, all sizes",APU0000715211,,,,,,,,False
2024-02-01,Sugar,BLS,U.S. City Average,U.S. City Average,0.984,pound,"Sugar, white, all sizes",APU0000715211,,,,,,,,False
2024-03-01,Sugar,BLS,U.S. City Average,U.S. City Average,0.984,pound,"Sugar, white, all sizes",APU0000715211,,,,,,,,False
2024-04-01,Sugar,BLS,U.S. City Average,U.S. City Average,1.006,pound,"Sugar, white, all sizes",APU0000715211,,,,,,,,False
2024-05-01,Sugar,BLS,U.S. City Average,U.S. City Average,1.001,pound,"Sugar, white, all sizes",APU0000715211,,,,,,,,False
2024-06-01,Sugar,BLS,U.S. City Average,U.S. City Average,1.004,pound,"Sugar, white, all sizes",APU0000715211,,,,,,,,False
2024-07-01,Sugar,BLS,U.S. City Average,U.S. City Average,1.004,pound,"Sugar, white, all sizes",APU0000715211,,,,,,,,False
2024-08-01,Sugar,BLS,U.S. City Average,U.S. City Average,1.004,pound,"Sugar, white, all sizes",APU0000715211,,,,,,,,False
2024-09-01,Sugar,BLS,U.S. City Average,U.S. City Average,1.007,pound,"Sugar, white, all sizes",APU0000715211,,,,,,,,False
2024-10-01,Sugar,BLS,U.S. City Average,U.S. City Average,1.003,pound,"Sugar, white, all sizes",APU0000715211,,,,,,,,False
2024-11-01,Sugar,BLS,U.S. City Average,U.S. City Average,1.0,pound,"Sugar, white, all sizes",APU0000715211,,,,,,,,False
2024-12-01,Sugar,BLS,U.S. City Average,U.S. City Average,0.992,pound,"Sugar, white, all sizes",APU0000715211,,,,,,,,False
2025-01-01,Sugar,BLS,U.S. City Average,U.S. City Average,1.011,pound,"Sugar, white, all sizes",APU0000715211,,,,,,,,False
2025-02-01,Sugar,BLS,U.S. City Average,U.S. City Average,1.012,pound,"Sugar, white, all sizes",APU0000715211,,,,,,,,False
2025-03-01,Sugar,BLS,U.S. City Average,U.S. City Average,1.014,pound,"Sugar, white, all sizes",APU0000715211,,,,,,,,False
2025-04-01,Sugar,BLS,U.S. City Average,U.S. City Average,1.021,pound,"Sugar, white, all sizes",APU0000715211,,,,,,,,False
2025-05-01,Sugar,BLS,U.S. City Average,U.S. City Average,1.054,pound,"Sugar, white, all sizes",APU0000715211,,,,,,,,False
2025-06-01,Sugar,BLS,U.S. City Average,U.S. City Average,1.054,pound,"Sugar, white, all sizes",APU0000715211,,,,,,,,False
2025-07-01,Sugar,BLS,U.S. City Average,U.S. City Average,1.046,pound,"Sugar, white, all sizes",APU0000715211,,,,,,,,False
2025-08-01,Sugar,BLS,U.S. City Average,U.S. City Average,1.04,pound,"Sugar, white, all sizes",APU0000715211,,,,,,,,False
2025-09-01,Sugar,BLS,U.S. City Average,U.S. City Average,1.042,pound,"Sugar, white, all sizes",APU0000715211,,,,,,,,False
2025-11-01,Sugar,BLS,U.S. City Average,U.S. City Average,0.991,pound,"Sugar, white, all sizes",APU0000715211,,,,,,,,False
2025-12-01,Sugar,BLS,U.S. City Average,U.S. City Average,0.985,pound,"Sugar, white, all sizes",APU0000715211,,,,,,,,False
2026-01-01,Sugar,BLS,U.S. City Average,U.S. City Average,1.022,pound,"Sugar, white, all sizes",APU0000715211,,,,,,,,False
2026-02-01,Sugar,BLS,U.S. City Average,U.S. City Average,1.016,pound,"Sugar, white, all sizes",APU0000715211,,,,,,,,False
2026-03-01,Sugar,BLS,U.S. City Average,U.S. City Average,0.996,pound,"Sugar, white, all sizes",APU0000715211,,,,,,,,False
2026-04-01,Sugar,BLS,U.S. City Average,U.S. City Average,1.006,pound,"Sugar, white, all sizes",APU0000715211,,,,,,,,False
2026-05-01,Sugar,BLS,U.S. City Average,U.S. City Average,1.034,pound,"Sugar, white, all sizes",APU0000715211,,,,,,,,False
2026-06-01,Sugar,BLS,U.S. City Average,U.S. City Average,1.018,pound,"Sugar, white, all sizes",APU0000715211,,,,,,,,False
2026-07-01,Sugar,BLS,U.S. City Average,U.S. City Average,1.024,pound,"Sugar, white, all sizes",APU0000715211,,,,,,,,False
2026-08-25,Sugar,Kroger,Kroger On the Rhine,"Cincinnati, OH",0.9975,pound,Kroger Pure Cane Granulated Sugar,0001111088318,4 lb,01400513,3.99,,3.99,0.9975,,False
2026-08-26,Sugar,Kroger,Kroger On the Rhine,"Cincinnati, OH",0.9975,pound,Kroger Pure Cane Granulated Sugar,0001111088318,4 lb,01400513,3.99,,3.99,0.9975,,False
2026-08-27,Sugar,Kroger,Kroger On the Rhine,"Cincinnati, OH",0.9975,pound,Kroger Pure Cane Granulated Sugar,0001111088318,4 lb,01400513,3.99,,3.99,0.9975,,False
2026-08-28,Sugar,Kroger,Kroger On the Rhine,"Cincinnati, OH",0.9975,pound,Kroger Pure Cane Granulated Sugar,0001111088318,4 lb,01400513,3.99,,3.99,0.9975,,False
2026-08-29,Sugar,Kroger,Kroger On the Rhine,"Cincinnati, OH",0.9975,pound,Kroger Pure Cane Granulated Sugar,0001111088318,4 lb,01400513,3.99,,3.99,0.9975,,False
2026-08-30,Sugar,Kroger,Kroger On the Rhine,"Cincinnati, OH",0.9975,pound,Kroger Pure Cane Granulated Sugar,0001111088318,4 lb,01400513,3.99,,3.99,0.9975,,False
2026-08-31,Sugar,Kroger,Kroger On the Rhine,"Cincinnati, OH",0.9975,pound,Kroger Pure Cane Granulated Sugar,0001111088318,4 lb,01400513,3.99,,3.99,0.9975,,False
2026-09-01,Sugar,Kroger,Kroger On the Rhine,"Cincinnati, OH",0.9975,pound,Kroger Pure Cane Granulated Sugar,0001111088318,4 lb,01400513,3.99,,3.99,0.9975,,False
2026-09-02,Sugar,Kroger,Kroger On the Rhine,"Cincinnati, OH",0.9975,pound,Kroger Pure Cane Granulated Sugar,0001111088318,4 lb,01400513,3.99,,3.99,0.9975,,False
2026-09-03,Sugar,Kroger,Kroger On the Rhine,"Cincinnati, OH",0.9975,pound,Kroger Pure Cane Granulated Sugar,0001111088318,4 lb,01400513,3.99,,3.99,0.9975,,False
2026-09-04,Sugar,Kroger,Kroger On the Rhine,"Cincinnati, OH",0.9975,pound,Kroger Pure Cane Granulated Sugar,0001111088318,4 lb,01400513,3.99,,3.99,0.9975,,False
2026-09-05,Sugar,Kroger,Kroger On the Rhine,"Cincinnati, OH",0.9975,pound,Kroger Pure Cane Granulated Sugar,0001111088318,4 lb,01400513,3.99,,3.99,0.9975,,False
2026-09-06,Sugar,Kroger,Kroger On the Rhine,"Cincinnati, OH",0.9975,pound,Kroger Pure Cane Granulated Sugar,0001111088318,4 lb,01400513,3.99,,3.99,0.9975,,False
2026-09-07,Sugar,Kroger,Kroger On the Rhine,"Cincinnati, OH",0.9975,pound,Kroger Pure Cane Granulated Sugar,0001111088318,4 lb,01400513,3.99,,3.99,0.9975,,False
2026-09-08,Sugar,Kroger,Kroger On the Rhine,"Cincinnati, OH",0.9975,pound,Kroger Pure Cane Granulated Sugar,0001111088318,4 lb,01400513,3.99,,3.99,0.9975,,False
2026-09-09,Sugar,Kroger,Kroger On the Rhine,"Cincinnati, OH",0.9975,pound,Kroger Pure Cane Granulated Sugar,0001111088318,4 lb,01400513,3.99,,3.99,0.9975,,False
2026-09-10,Sugar,Kroger,Kroger On the Rhine,"Cincinnati, OH",0.9975,pound,Kroger Pure Cane Granulated Sugar,0001111088318,4 lb,01400513,3.99,,3.99,0.9975,,False
2026-09-11,Sugar,Kroger,Kroger On the Rhine,"Cincinnati, OH",0.9975,pound,Kroger Pure Cane Granulated Sugar,0001111088318,4 lb,01400513,3.99,,3.99,0.9975,,False
2026-09-12,Sugar,Kroger,Kroger On the Rhine,"Cincinnati, OH",0.9975,pound,Kroger Pure Cane Granulated Sugar,0001111088318,4 lb,01400513,3.99,,3.99,0.9975,,False
2026-09-13,Sugar,Kroger,Kroger On the Rhine,"Cincinnati, OH",0.9975,pound,Kroger Pure Cane Granulated Sugar,0001111088318,4 lb,01400513,3.99,,3.99,0.9975,,False
2026-09-14,Sugar,Kroger,Kroger On the Rhine,"Cincinnati, OH",0.9975,pound,Kroger Pure Cane Granulated Sugar,0001111088318,4 lb,01400513,3.99,,3.99,0.9975,,False
2017-01-01,Tomatoes,BLS,U.S. City Average,U.S. City Average,2.048,pound,"Tomatoes, field grown",APU0000712311,,,,,,,,False
2017-02-01,Tomatoes,BLS,U.S. City Average,U.S. City Average,1.93,pound,"Tomatoes, field grown",APU0000712311,,,,,,,,False
2017-03-01,Tomatoes,BLS,U.S. City Average,U.S. City Average,1.943,pound,"Tomatoes, field grown",APU0000712311,,,,,,,,False
2017-04-01,Tomatoes,BLS,U.S. City Average,U.S. City Average,1.902,pound,"Tomatoes, field grown",APU0000712311,,,,,,,,False
2017-05-01,Tomatoes,BLS,U.S. City Average,U.S. City Average,1.867,pound,"Tomatoes, field grown",APU0000712311,,,,,,,,False
2017-06-01,Tomatoes,BLS,U.S. City Average,U.S. City Average,1.873,pound,"Tomatoes, field grown",APU0000712311,,,,,,,,False
2017-07-01,Tomatoes,BLS,U.S. City Average,U.S. City Average,1.952,pound,"Tomatoes, field grown",APU0000712311,,,,,,,,False
2017-08-01,Tomatoes,BLS,U.S. City Average,U.S. City Average,1.846,pound,"Tomatoes, field grown",APU0000712311,,,,,,,,False
2017-09-01,Tomatoes,BLS,U.S. City Average,U.S. City Average,1.828,pound,"Tomatoes, field grown",APU0000712311,,,,,,,,False
2017-10-01,Tomatoes,BLS,U.S. City Average,U.S. City Average,1.813,pound,"Tomatoes, field grown",APU0000712311,,,,,,,,False
2017-11-01,Tomatoes,BLS,U.S. City Average,U.S. City Average,1.933,pound,"Tomatoes, field grown",APU0000712311,,,,,,,,False
2017-12-01,Tomatoes,BLS,U.S. City Average,U.S. City Average,2.237,pound,"Tomatoes, field grown",APU0000712311,,,,,,,,False
2018-01-01,Tomatoes,BLS,U.S. City Average,U.S. City Average,2.336,pound,"Tomatoes, field grown",APU0000712311,,,,,,,,False
2018-02-01,Tomatoes,BLS,U.S. City Average,U.S. City Average,2.026,pound,"Tomatoes, field grown",APU0000712311,,,,,,,,False
2018-03-01,Tomatoes,BLS,U.S. City Average,U.S. City Average,1.868,pound,"Tomatoes, field grown",APU0000712311,,,,,,,,False
2018-04-01,Tomatoes,BLS,U.S. City Average,U.S. City Average,1.802,pound,"Tomatoes, field grown",APU0000712311,,,,,,,,False
2018-05-01,Tomatoes,BLS,U.S. City Average,U.S. City Average,1.675,pound,"Tomatoes, field grown",APU0000712311,,,,,,,,False
2018-06-01,Tomatoes,BLS,U.S. City Average,U.S. City Average,1.706,pound,"Tomatoes, field grown",APU0000712311,,,,,,,,False
2018-07-01,Tomatoes,BLS,U.S. City Average,U.S. City Average,1.887,pound,"Tomatoes, field grown",APU0000712311,,,,,,,,False
2018-08-01,Tomatoes,BLS,U.S. City Average,U.S. City Average,1.737,pound,"Tomatoes, field grown",APU0000712311,,,,,,,,False
2018-09-01,Tomatoes,BLS,U.S. City Average,U.S. City Average,1.826,pound,"Tomatoes, field grown",APU0000712311,,,,,,,,False
2018-10-01,Tomatoes,BLS,U.S. City Average,U.S. City Average,1.901,pound,"Tomatoes, field grown",APU0000712311,,,,,,,,False
2018-11-01,Tomatoes,BLS,U.S. City Average,U.S. City Average,2.057,pound,"Tomatoes, field grown",APU0000712311,,,,,,,,False
2018-12-01,Tomatoes,BLS,U.S. City Average,U.S. City Average,2.175,pound,"Tomatoes, field grown",APU0000712311,,,,,,,,False
2019-01-01,Tomatoes,BLS,U.S. City Average,U.S. City Average,2.227,pound,"Tomatoes, field grown",APU0000712311,,,,,,,,False
2019-02-01,Tomatoes,BLS,U.S. City Average,U.S. City Average,2.068,pound,"Tomatoes, field grown",APU0000712311,,,,,,,,False
2019-03-01,Tomatoes,BLS,U.S. City Average,U.S. City Average,2.079,pound,"Tomatoes, field grown",APU0000712311,,,,,,,,False
2019-04-01,Tomatoes,BLS,U.S. City Average,U.S. City Average,1.947,pound,"Tomatoes, field grown",APU0000712311,,,,,,,,False
2019-05-01,Tomatoes,BLS,U.S. City Average,U.S. City Average,1.823,pound,"Tomatoes, field grown",APU0000712311,,,,,,,,False
2019-06-01,Tomatoes,BLS,U.S. City Average,U.S. City Average,1.812,pound,"Tomatoes, field grown",APU0000712311,,,,,,,,False
2019-07-01,Tomatoes,BLS,U.S. City Average,U.S. City Average,1.799,pound,"Tomatoes, field grown",APU0000712311,,,,,,,,False
2019-08-01,Tomatoes,BLS,U.S. City Average,U.S. City Average,1.864,pound,"Tomatoes, field grown",APU0000712311,,,,,,,,False
2019-09-01,Tomatoes,BLS,U.S. City Average,U.S. City Average,1.911,pound,"Tomatoes, field grown",APU0000712311,,,,,,,,False
2019-10-01,Tomatoes,BLS,U.S. City Average,U.S. City Average,1.779,pound,"Tomatoes, field grown",APU0000712311,,,,,,,,False
2019-11-01,Tomatoes,BLS,U.S. City Average,U.S. City Average,1.903,pound,"Tomatoes, field grown",APU0000712311,,,,,,,,False
2019-12-01,Tomatoes,BLS,U.S. City Average,U.S. City Average,1.954,pound,"Tomatoes, field grown",APU0000712311,,,,,,,,False
2020-01-01,Tomatoes,BLS,U.S. City Average,U.S. City Average,2.221,pound,"Tomatoes, field grown",APU0000712311,,,,,,,,False
2020-02-01,Tomatoes,BLS,U.S. City Average,U.S. City Average,2.197,pound,"Tomatoes, field grown",APU0000712311,,,,,,,,False
2020-05-01,Tomatoes,BLS,U.S. City Average,U.S. City Average,1.851,pound,"Tomatoes, field grown",APU0000712311,,,,,,,,False
2020-06-01,Tomatoes,BLS,U.S. City Average,U.S. City Average,1.922,pound,"Tomatoes, field grown",APU0000712311,,,,,,,,False
2020-07-01,Tomatoes,BLS,U.S. City Average,U.S. City Average,1.977,pound,"Tomatoes, field grown",APU0000712311,,,,,,,,False
2020-08-01,Tomatoes,BLS,U.S. City Average,U.S. City Average,1.874,pound,"Tomatoes, field grown",APU0000712311,,,,,,,,False
2020-09-01,Tomatoes,BLS,U.S. City Average,U.S. City Average,1.847,pound,"Tomatoes, field grown",APU0000712311,,,,,,,,False
2020-10-01,Tomatoes,BLS,U.S. City Average,U.S. City Average,1.911,pound,"Tomatoes, field grown",APU0000712311,,,,,,,,False
2020-11-01,Tomatoes,BLS,U.S. City Average,U.S. City Average,1.935,pound,"Tomatoes, field grown",APU0000712311,,,,,,,,False
2020-12-01,Tomatoes,BLS,U.S. City Average,U.S. City Average,1.893,pound,"Tomatoes, field grown",APU0000712311,,,,,,,,False
2021-01-01,Tomatoes,BLS,U.S. City Average,U.S. City Average,1.928,pound,"Tomatoes, field grown",APU0000712311,,,,,,,,False
2021-02-01,Tomatoes,BLS,U.S. City Average,U.S. City Average,1.838,pound,"Tomatoes, field grown",APU0000712311,,,,,,,,False
2021-03-01,Tomatoes,BLS,U.S. City Average,U.S. City Average,1.768,pound,"Tomatoes, field grown",APU0000712311,,,,,,,,False
2021-04-01,Tomatoes,BLS,U.S. City Average,U.S. City Average,1.786,pound,"Tomatoes, field grown",APU0000712311,,,,,,,,False
2021-05-01,Tomatoes,BLS,U.S. City Average,U.S. City Average,1.804,pound,"Tomatoes, field grown",APU0000712311,,,,,,,,False
2021-06-01,Tomatoes,BLS,U.S. City Average,U.S. City Average,1.83,pound,"Tomatoes, field grown",APU0000712311,,,,,,,,False
2021-07-01,Tomatoes,BLS,U.S. City Average,U.S. City Average,1.827,pound,"Tomatoes, field grown",APU0000712311,,,,,,,,False
2021-08-01,Tomatoes,BLS,U.S. City Average,U.S. City Average,1.858,pound,"Tomatoes, field grown",APU0000712311,,,,,,,,False
2021-09-01,Tomatoes,BLS,U.S. City Average,U.S. City Average,1.828,pound,"Tomatoes, field grown",APU0000712311,,,,,,,,False
2021-10-01,Tomatoes,BLS,U.S. City Average,U.S. City Average,1.892,pound,"Tomatoes, field grown",APU0000712311,,,,,,,,False
2021-11-01,Tomatoes,BLS,U.S. City Average,U.S. City Average,1.924,pound,"Tomatoes, field grown",APU0000712311,,,,,,,,False
2021-12-01,Tomatoes,BLS,U.S. City Average,U.S. City Average,1.906,pound,"Tomatoes, field grown",APU0000712311,,,,,,,,False
2022-01-01,Tomatoes,BLS,U.S. City Average,U.S. City Average,1.892,pound,"Tomatoes, field grown",APU0000712311,,,,,,,,False
2022-02-01,Tomatoes,BLS,U.S. City Average,U.S. City Average,1.826,pound,"Tomatoes, field grown",APU0000712311,,,,,,,,False
2022-03-01,Tomatoes,BLS,U.S. City Average,U.S. City Average,1.827,pound,"Tomatoes, field grown",APU0000712311,,,,,,,,False
2022-04-01,Tomatoes,BLS,U.S. City Average,U.S. City Average,1.794,pound,"Tomatoes, field grown",APU0000712311,,,,,,,,False
2022-05-01,Tomatoes,BLS,U.S. City Average,U.S. City Average,1.819,pound,"Tomatoes, field grown",APU0000712311,,,,,,,,False
2022-06-01,Tomatoes,BLS,U.S. City Average,U.S. City Average,1.842,pound,"Tomatoes, field grown",APU0000712311,,,,,,,,False
2022-07-01,Tomatoes,BLS,U.S. City Average,U.S. City Average,1.842,pound,"Tomatoes, field grown",APU0000712311,,,,,,,,False
2022-08-01,Tomatoes,BLS,U.S. City Average,U.S. City Average,1.89,pound,"Tomatoes, field grown",APU0000712311,,,,,,,,False
2022-09-01,Tomatoes,BLS,U.S. City Average,U.S. City Average,1.901,pound,"Tomatoes, field grown",APU0000712311,,,,,,,,False
2022-10-01,Tomatoes,BLS,U.S. City Average,U.S. City Average,1.974,pound,"Tomatoes, field grown",APU0000712311,,,,,,,,False
2022-11-01,Tomatoes,BLS,U.S. City Average,U.S. City Average,2.107,pound,"Tomatoes, field grown",APU0000712311,,,,,,,,False
2022-12-01,Tomatoes,BLS,U.S. City Average,U.S. City Average,2.228,pound,"Tomatoes, field grown",APU0000712311,,,,,,,,False
2023-01-01,Tomatoes,BLS,U.S. City Average,U.S. City Average,2.11,pound,"Tomatoes, field grown",APU0000712311,,,,,,,,False
2023-02-01,Tomatoes,BLS,U.S. City Average,U.S. City Average,1.99,pound,"Tomatoes, field grown",APU0000712311,,,,,,,,False
2023-03-01,Tomatoes,BLS,U.S. City Average,U.S. City Average,1.932,pound,"Tomatoes, field grown",APU0000712311,,,,,,,,False
2023-04-01,Tomatoes,BLS,U.S. City Average,U.S. City Average,1.874,pound,"Tomatoes, field grown",APU0000712311,,,,,,,,False
2023-05-01,Tomatoes,BLS,U.S. City Average,U.S. City Average,1.798,pound,"Tomatoes, field grown",APU0000712311,,,,,,,,False
2023-06-01,Tomatoes,BLS,U.S. City Average,U.S. City Average,1.911,pound,"Tomatoes, field grown",APU0000712311,,,,,,,,False
2023-07-01,Tomatoes,BLS,U.S. City Average,U.S. City Average,1.896,pound,"Tomatoes, field grown",APU0000712311,,,,,,,,False
2023-08-01,Tomatoes,BLS,U.S. City Average,U.S. City Average,1.877,pound,"Tomatoes, field grown",APU0000712311,,,,,,,,False
2023-09-01,Tomatoes,BLS,U.S. City Average,U.S. City Average,1.844,pound,"Tomatoes, field grown",APU0000712311,,,,,,,,False
2023-10-01,Tomatoes,BLS,U.S. City Average,U.S. City Average,1.865,pound,"Tomatoes, field grown",APU0000712311,,,,,,,,False
2023-11-01,Tomatoes,BLS,U.S. City Average,U.S. City Average,1.942,pound,"Tomatoes, field grown",APU0000712311,,,,,,,,False
2023-12-01,Tomatoes,BLS,U.S. City Average,U.S. City Average,1.995,pound,"Tomatoes, field grown",APU0000712311,,,,,,,,False
2024-01-01,Tomatoes,BLS,U.S. City Average,U.S. City Average,2.146,pound,"Tomatoes, field grown",APU0000712311,,,,,,,,False
2024-02-01,Tomatoes,BLS,U.S. City Average,U.S. City Average,2.132,pound,"Tomatoes, field grown",APU0000712311,,,,,,,,False
2024-03-01,Tomatoes,BLS,U.S. City Average,U.S. City Average,2.044,pound,"Tomatoes, field grown",APU0000712311,,,,,,,,False
2024-04-01,Tomatoes,BLS,U.S. City Average,U.S. City Average,1.962,pound,"Tomatoes, field grown",APU0000712311,,,,,,,,False
2024-05-01,Tomatoes,BLS,U.S. City Average,U.S. City Average,1.859,pound,"Tomatoes, field grown",APU0000712311,,,,,,,,False
2024-06-01,Tomatoes,BLS,U.S. City Average,U.S. City Average,1.843,pound,"Tomatoes, field grown",APU0000712311,,,,,,,,False
2024-07-01,Tomatoes,BLS,U.S. City Average,U.S. City Average,1.945,pound,"Tomatoes, field grown",APU0000712311,,,,,,,,False
2024-08-01,Tomatoes,BLS,U.S. City Average,U.S. City Average,1.996,pound,"Tomatoes, field grown",APU0000712311,,,,,,,,False
2024-09-01,Tomatoes,BLS,U.S. City Average,U.S. City Average,1.936,pound,"Tomatoes, field grown",APU0000712311,,,,,,,,False
2024-10-01,Tomatoes,BLS,U.S. City Average,U.S. City Average,1.98,pound,"Tomatoes, field grown",APU0000712311,,,,,,,,False
2024-11-01,Tomatoes,BLS,U.S. City Average,U.S. City Average,2.03,pound,"Tomatoes, field grown",APU0000712311,,,,,,,,False
2024-12-01,Tomatoes,BLS,U.S. City Average,U.S. City Average,2.067,pound,"Tomatoes, field grown",APU0000712311,,,,,,,,False
2025-01-01,Tomatoes,BLS,U.S. City Average,U.S. City Average,2.05,pound,"Tomatoes, field grown",APU0000712311,,,,,,,,False
2025-02-01,Tomatoes,BLS,U.S. City Average,U.S. City Average,1.848,pound,"Tomatoes, field grown",APU0000712311,,,,,,,,False
2025-03-01,Tomatoes,BLS,U.S. City Average,U.S. City Average,1.819,pound,"Tomatoes, field grown",APU0000712311,,,,,,,,False
2025-04-01,Tomatoes,BLS,U.S. City Average,U.S. City Average,1.793,pound,"Tomatoes, field grown",APU0000712311,,,,,,,,False
2025-05-01,Tomatoes,BLS,U.S. City Average,U.S. City Average,1.705,pound,"Tomatoes, field grown",APU0000712311,,,,,,,,False
2025-06-01,Tomatoes,BLS,U.S. City Average,U.S. City Average,1.737,pound,"Tomatoes, field grown",APU0000712311,,,,,,,,False
2025-07-01,Tomatoes,BLS,U.S. City Average,U.S. City Average,1.793,pound,"Tomatoes, field grown",APU0000712311,,,,,,,,False
2025-08-01,Tomatoes,BLS,U.S. City Average,U.S. City Average,1.925,pound,"Tomatoes, field grown",APU0000712311,,,,,,,,False
2025-09-01,Tomatoes,BLS,U.S. City Average,U.S. City Average,1.91,pound,"Tomatoes, field grown",APU0000712311,,,,,,,,False
2025-11-01,Tomatoes,BLS,U.S. City Average,U.S. City Average,1.828,pound,"Tomatoes, field grown",APU0000712311,,,,,,,,False
2025-12-01,Tomatoes,BLS,U.S. City Average,U.S. City Average,1.84,pound,"Tomatoes, field grown",APU0000712311,,,,,,,,False
2026-01-01,Tomatoes,BLS,U.S. City Average,U.S. City Average,1.791,pound,"Tomatoes, field grown",APU0000712311,,,,,,,,False
2026-02-01,Tomatoes,BLS,U.S. City Average,U.S. City Average,1.902,pound,"Tomatoes, field grown",APU0000712311,,,,,,,,False
2026-03-01,Tomatoes,BLS,U.S. City Average,U.S. City Average,2.255,pound,"Tomatoes, field grown",APU0000712311,,,,,,,,False
2026-04-01,Tomatoes,BLS,U.S. City Average,U.S. City Average,2.689,pound,"Tomatoes, field grown",APU0000712311,,,,,,,,False
2026-05-01,Tomatoes,BLS,U.S. City Average,U.S. City Average,2.489,pound,"Tomatoes, field grown",APU0000712311,,,,,,,,False
2026-06-01,Tomatoes,BLS,U.S. City Average,U.S. City Average,2.154,pound,"Tomatoes, field grown",APU0000712311,,,,,,,,False
2026-07-01,Tomatoes,BLS,U.S. City Average,U.S. City Average,2.003,pound,"Tomatoes, field grown",APU0000712311,,,,,,,,False
2026-08-25,Tomatoes,Kroger,Kroger On the Rhine,"Cincinnati, OH",1.29,pound,Fresh Roma Tomato,0000000004087,1 lb,01400513,1.29,,1.29,1.29,,False
2026-08-26,Tomatoes,Kroger,Kroger On the Rhine,"Cincinnati, OH",1.29,pound,Fresh Roma Tomato,0000000004087,1 lb,01400513,1.29,,1.29,1.29,,False
2026-08-27,Tomatoes,Kroger,Kroger On the Rhine,"Cincinnati, OH",1.29,pound,Fresh Roma Tomato,0000000004087,1 lb,01400513,1.29,,1.29,1.29,,False
2026-08-28,Tomatoes,Kroger,Kroger On the Rhine,"Cincinnati, OH",1.29,pound,Fresh Roma Tomato,0000000004087,1 lb,01400513,1.29,,1.29,1.29,,False
2026-08-29,Tomatoes,Kroger,Kroger On the Rhine,"Cincinnati, OH",1.29,pound,Fresh Roma Tomato,0000000004087,1 lb,01400513,1.29,,1.29,1.29,,False
2026-08-30,Tomatoes,Kroger,Kroger On the Rhine,"Cincinnati, OH",1.29,pound,Fresh Roma Tomato,0000000004087,1 lb,01400513,1.29,,1.29,1.29,,False
2026-08-31,Tomatoes,Kroger,Kroger On the Rhine,"Cincinnati, OH",1.29,pound,Fresh Roma Tomato,0000000004087,1 lb,01400513,1.29,,1.29,1.29,,False
2026-09-01,Tomatoes,Kroger,Kroger On the Rhine,"Cincinnati, OH",1.29,pound,Fresh Roma Tomato,0000000004087,1 lb,01400513,1.29,,1.29,1.29,,False
2026-09-02,Tomatoes,Kroger,Kroger On the Rhine,"Cincinnati, OH",1.29,pound,Fresh Roma Tomato,0000000004087,1 lb,01400513,1.29,,1.29,1.29,,False
2026-09-03,Tomatoes,Kroger,Kroger On the Rhine,"Cincinnati, OH",1.29,pound,Fresh Roma Tomato,0000000004087,1 lb,01400513,1.29,,1.29,1.29,,False
2026-09-04,Tomatoes,Kroger,Kroger On the Rhine,"Cincinnati, OH",1.29,pound,Fresh Roma Tomato,0000000004087,1 lb,01400513,1.29,,1.29,1.29,,False
2026-09-05,Tomatoes,Kroger,Kroger On the Rhine,"Cincinnati, OH",1.29,pound,Fresh Roma Tomato,0000000004087,1 lb,01400513,1.29,,1.29,1.29,,False
2026-09-06,Tomatoes,Kroger,Kroger On the Rhine,"Cincinnati, OH",1.29,pound,Fresh Roma Tomato,0000000004087,1 lb,01400513,1.29,,1.29,1.29,,False
2026-09-07,Tomatoes,Kroger,Kroger On the Rhine,"Cincinnati, OH",1.29,pound,Fresh Roma Tomato,0000000004087,1 lb,01400513,1.29,,1.29,1.29,,False
2026-09-08,Tomatoes,Kroger,Kroger On the Rhine,"Cincinnati, OH",1.29,pound,Fresh Roma Tomato,0000000004087,1 lb,01400513,1.29,,1.29,1.29,,False
2026-09-09,Tomatoes,Kroger,Kroger On the Rhine,"Cincinnati, OH",1.29,pound,Fresh Roma Tomato,0000000004087,1 lb,01400513,1.29,,1.29,1.29,,False
2026-09-10,Tomatoes,Kroger,Kroger On the Rhine,"Cincinnati, OH",1.29,pound,Fresh Roma Tomato,0000000004087,1 lb,01400513,1.29,,1.29,1.29,,False
2026-09-11,Tomatoes,Kroger,Kroger On the Rhine,"Cincinnati, OH",1.29,pound,Fresh Roma Tomato,0000000004087,1 lb,01400513,1.29,,1.29,1.29,,False
2026-09-12,Tomatoes,Kroger,Kroger On the Rhine,"Cincinnati, OH",1.29,pound,Fresh Roma Tomato,0000000004087,1 lb,01400513,1.29,,1.29,1.29,,False
2026-09-13,Tomatoes,Kroger,Kroger On the Rhine,"Cincinnati, OH",1.29,pound,Fresh Roma Tomato,0000000004087,1 lb,01400513,1.29,,1.29,1.29,,False
2026-09-14,Tomatoes,Kroger,Kroger On the Rhine,"Cincinnati, OH",1.29,pound,Fresh Roma Tomato,0000000004087,1 lb,01400513,1.29,,1.29,1.29,,False
2026-08-25,Vegetable Oil,Kroger,Kroger On the Rhine,"Cincinnati, OH",11.706666666666665,gallon,Kroger 100% Pure Vegetable Oil,0001111085605,48 fl oz,01400513,4.39,,4.39,11.706666666666665,,False
2026-08-26,Vegetable Oil,Kroger,Kroger On the Rhine,"Cincinnati, OH",11.706666666666665,gallon,Kroger 100% Pure Vegetable Oil,0001111085605,48 fl oz,01400513,4.39,,4.39,11.706666666666665,,False
2026-08-27,Vegetable Oil,Kroger,Kroger On the Rhine,"Cincinnati, OH",11.706666666666665,gallon,Kroger 100% Pure Vegetable Oil,0001111085605,48 fl oz,01400513,4.39,,4.39,11.706666666666665,,False
2026-08-28,Vegetable Oil,Kroger,Kroger On the Rhine,"Cincinnati, OH",11.706666666666665,gallon,Kroger 100% Pure Vegetable Oil,0001111085605,48 fl oz,01400513,4.39,,4.39,11.706666666666665,,False
2026-08-29,Vegetable Oil,Kroger,Kroger On the Rhine,"Cincinnati, OH",11.706666666666665,gallon,Kroger 100% Pure Vegetable Oil,0001111085605,48 fl oz,01400513,4.39,,4.39,11.706666666666665,,False
2026-08-30,Vegetable Oil,Kroger,Kroger On the Rhine,"Cincinnati, OH",11.706666666666665,gallon,Kroger 100% Pure Vegetable Oil,0001111085605,48 fl oz,01400513,4.39,,4.39,11.706666666666665,,False
2026-08-31,Vegetable Oil,Kroger,Kroger On the Rhine,"Cincinnati, OH",11.706666666666665,gallon,Kroger 100% Pure Vegetable Oil,0001111085605,48 fl oz,01400513,4.39,,4.39,11.706666666666665,,False
2026-09-01,Vegetable Oil,Kroger,Kroger On the Rhine,"Cincinnati, OH",11.706666666666665,gallon,Kroger 100% Pure Vegetable Oil,0001111085605,48 fl oz,01400513,4.39,,4.39,11.706666666666665,,False
2026-09-02,Vegetable Oil,Kroger,Kroger On the Rhine,"Cincinnati, OH",11.706666666666665,gallon,Kroger 100% Pure Vegetable Oil,0001111085605,48 fl oz,01400513,4.39,,4.39,11.706666666666665,,False
2026-09-03,Vegetable Oil,Kroger,Kroger On the Rhine,"Cincinnati, OH",11.706666666666665,gallon,Kroger 100% Pure Vegetable Oil,0001111085605,48 fl oz,01400513,4.39,,4.39,11.706666666666665,,False
2026-09-04,Vegetable Oil,Kroger,Kroger On the Rhine,"Cincinnati, OH",11.706666666666665,gallon,Kroger 100% Pure Vegetable Oil,0001111085605,48 fl oz,01400513,4.39,,4.39,11.706666666666665,,False
2026-09-05,Vegetable Oil,Kroger,Kroger On the Rhine,"Cincinnati, OH",11.706666666666665,gallon,Kroger 100% Pure Vegetable Oil,0001111085605,48 fl oz,01400513,4.39,,4.39,11.706666666666665,,False
2026-09-06,Vegetable Oil,Kroger,Kroger On the Rhine,"Cincinnati, OH",11.706666666666665,gallon,Kroger 100% Pure Vegetable Oil,0001111085605,48 fl oz,01400513,4.39,,4.39,11.706666666666665,,False
2026-09-07,Vegetable Oil,Kroger,Kroger On the Rhine,"Cincinnati, OH",11.706666666666665,gallon,Kroger 100% Pure Vegetable Oil,0001111085605,48 fl oz,01400513,4.39,,4.39,11.706666666666665,,False
2026-09-08,Vegetable Oil,Kroger,Kroger On the Rhine,"Cincinnati, OH",11.706666666666665,gallon,Kroger 100% Pure Vegetable Oil,0001111085605,48 fl oz,01400513,4.39,,4.39,11.706666666666665,,False
2026-09-09,Vegetable Oil,Kroger,Kroger On the Rhine,"Cincinnati, OH",11.706666666666665,gallon,Kroger 100% Pure Vegetable Oil,0001111085605,48 fl oz,01400513,4.39,,4.39,11.706666666666665,,False
2026-09-10,Vegetable Oil,Kroger,Kroger On the Rhine,"Cincinnati, OH",11.706666666666665,gallon,Kroger 100% Pure Vegetable Oil,0001111085605,48 fl oz,01400513,4.39,,4.39,11.706666666666665,,False
2026-09-11,Vegetable Oil,Kroger,Kroger On the Rhine,"Cincinnati, OH",11.706666666666665,gallon,Kroger 100% Pure Vegetable Oil,0001111085605,48 fl oz,01400513,4.39,,4.39,11.706666666666665,,False
2026-09-12,Vegetable Oil,Kroger,Kroger On the Rhine,"Cincinnati, OH",11.706666666666665,gallon,Kroger 100% Pure Vegetable Oil,0001111085605,48 fl oz,01400513,4.39,,4.39,11.706666666666665,,False
2026-09-13,Vegetable Oil,Kroger,Kroger On the Rhine,"Cincinnati, OH",11.706666666666665,gallon,Kroger 100% Pure Vegetable Oil,0001111085605,48 fl oz,01400513,4.39,,4.39,11.706666666666665,,False
2026-09-14,Vegetable Oil,Kroger,Kroger On the Rhine,"Cincinnati, OH",11.706666666666665,gallon,Kroger 100% Pure Vegetable Oil,0001111085605,48 fl oz,01400513,4.39,,4.39,11.706666666666665,,False
